Source,Target,Type,id,weight
97.0,845.0,Directed,693,8.0
97.0,97.0,Directed,755,9.0
97.0,24171.0,Directed,833,11.0
97.0,11585.0,Directed,860,14.0
97.0,2558.0,Directed,868,18.0
97.0,19146.0,Directed,1096,7.0
97.0,10526.0,Directed,1113,10.0
97.0,12839.0,Directed,1141,8.0
115.0,845.0,Directed,1271,8.0
115.0,21262.0,Directed,1297,9.0
115.0,20114.0,Directed,1306,7.0
115.0,8993.0,Directed,1312,8.0
115.0,115.0,Directed,1321,19.0
115.0,1720.0,Directed,1339,8.0
115.0,21717.0,Directed,1342,8.0
115.0,23778.0,Directed,1361,11.0
115.0,11585.0,Directed,1375,11.0
115.0,25044.0,Directed,1409,9.0
115.0,22652.0,Directed,1448,9.0
115.0,7151.0,Directed,1457,10.0
115.0,18245.0,Directed,1462,8.0
115.0,10526.0,Directed,1520,7.0
115.0,23122.0,Directed,1524,7.0
115.0,17940.0,Directed,1543,7.0
115.0,19553.0,Directed,1556,8.0
115.0,15973.0,Directed,1560,9.0
121.0,6467.0,Directed,1601,8.0
121.0,4451.0,Directed,1611,37.0
121.0,11662.0,Directed,1660,8.0
121.0,2230.0,Directed,1662,16.0
121.0,19146.0,Directed,1689,8.0
167.0,10526.0,Directed,2023,7.0
167.0,8993.0,Directed,2053,10.0
277.0,6467.0,Directed,2905,8.0
293.0,2608.0,Directed,3082,8.0
293.0,24148.0,Directed,3100,7.0
390.0,11585.0,Directed,3731,7.0
390.0,25044.0,Directed,3774,13.0
390.0,10526.0,Directed,3793,8.0
390.0,2558.0,Directed,3866,9.0
390.0,16422.0,Directed,3904,9.0
523.0,16811.0,Directed,4517,9.0
523.0,10252.0,Directed,4628,9.0
523.0,9850.0,Directed,4673,10.0
523.0,20991.0,Directed,4822,9.0
523.0,2558.0,Directed,4850,8.0
523.0,14174.0,Directed,4876,12.0
523.0,18245.0,Directed,4913,7.0
523.0,19146.0,Directed,5023,29.0
523.0,17940.0,Directed,5026,19.0
588.0,15359.0,Directed,5409,19.0
588.0,19583.0,Directed,5419,15.0
592.0,1860.0,Directed,5597,7.0
736.0,10526.0,Directed,6466,7.0
736.0,23778.0,Directed,6489,7.0
736.0,11585.0,Directed,6490,8.0
751.0,7370.0,Directed,6575,7.0
751.0,8087.0,Directed,6680,12.0
751.0,18526.0,Directed,6769,11.0
751.0,5212.0,Directed,6781,11.0
751.0,7130.0,Directed,6792,7.0
751.0,15973.0,Directed,6809,8.0
751.0,18956.0,Directed,6834,12.0
845.0,17599.0,Directed,7771,10.0
845.0,14761.0,Directed,7774,11.0
845.0,20811.0,Directed,7776,9.0
845.0,3258.0,Directed,7787,7.0
845.0,17238.0,Directed,7820,7.0
845.0,845.0,Directed,7829,9.0
845.0,22045.0,Directed,7866,11.0
845.0,2101.0,Directed,7919,9.0
845.0,11662.0,Directed,8067,12.0
845.0,13438.0,Directed,8195,10.0
845.0,7130.0,Directed,8247,7.0
845.0,15973.0,Directed,8261,12.0
845.0,25208.0,Directed,8265,8.0
845.0,7647.0,Directed,8270,9.0
856.0,19583.0,Directed,8377,14.0
856.0,9329.0,Directed,8465,8.0
856.0,8557.0,Directed,8564,8.0
919.0,19203.0,Directed,8990,7.0
919.0,10526.0,Directed,9026,7.0
919.0,23778.0,Directed,9044,8.0
919.0,2558.0,Directed,9048,12.0
953.0,10526.0,Directed,9302,15.0
953.0,11263.0,Directed,9325,10.0
953.0,2558.0,Directed,9365,7.0
953.0,18245.0,Directed,9406,9.0
955.0,845.0,Directed,9502,9.0
955.0,955.0,Directed,9508,11.0
955.0,10252.0,Directed,9533,11.0
1086.0,6467.0,Directed,10371,21.0
1086.0,1720.0,Directed,10491,9.0
1086.0,24171.0,Directed,10504,7.0
1086.0,2558.0,Directed,10524,8.0
1086.0,14174.0,Directed,10609,13.0
1086.0,1860.0,Directed,10636,10.0
1086.0,19146.0,Directed,10697,14.0
1086.0,17940.0,Directed,10700,16.0
1086.0,15123.0,Directed,10708,7.0
1086.0,18750.0,Directed,10727,7.0
1251.0,20811.0,Directed,11831,8.0
1275.0,8195.0,Directed,12025,7.0
1473.0,6467.0,Directed,14114,11.0
1473.0,4451.0,Directed,14135,29.0
1473.0,14174.0,Directed,14137,12.0
1473.0,9850.0,Directed,14167,9.0
1590.0,2230.0,Directed,15746,7.0
1590.0,7151.0,Directed,15804,10.0
1647.0,20114.0,Directed,16430,13.0
1647.0,4451.0,Directed,16432,11.0
1647.0,10252.0,Directed,16485,11.0
1647.0,5910.0,Directed,16506,15.0
1647.0,14174.0,Directed,16515,17.0
1647.0,19146.0,Directed,16522,35.0
1647.0,7598.0,Directed,16527,14.0
1647.0,17940.0,Directed,16529,12.0
1647.0,16811.0,Directed,16562,7.0
1647.0,12833.0,Directed,16575,8.0
1647.0,1860.0,Directed,16582,9.0
1720.0,15987.0,Directed,17146,11.0
1720.0,19893.0,Directed,17175,11.0
1720.0,9085.0,Directed,17179,9.0
1720.0,115.0,Directed,17202,8.0
1720.0,17599.0,Directed,17204,18.0
1720.0,18776.0,Directed,17206,8.0
1720.0,2101.0,Directed,17209,14.0
1720.0,8087.0,Directed,17244,10.0
1720.0,13438.0,Directed,17253,9.0
1720.0,21509.0,Directed,17258,12.0
1720.0,2853.0,Directed,17287,18.0
1720.0,1720.0,Directed,17324,55.0
1720.0,25294.0,Directed,17334,27.0
1720.0,14174.0,Directed,17353,10.0
1720.0,22045.0,Directed,17372,18.0
1720.0,10357.0,Directed,17375,11.0
1720.0,20722.0,Directed,17388,18.0
1720.0,16881.0,Directed,17390,9.0
1720.0,1086.0,Directed,17399,11.0
1853.0,15476.0,Directed,18870,9.0
1853.0,2230.0,Directed,18920,9.0
1853.0,10526.0,Directed,18925,10.0
1853.0,24171.0,Directed,18931,7.0
1853.0,5910.0,Directed,18933,10.0
1853.0,19019.0,Directed,18936,7.0
1860.0,19583.0,Directed,19119,14.0
1860.0,20811.0,Directed,19144,7.0
1860.0,5721.0,Directed,19207,7.0
1860.0,18825.0,Directed,19216,7.0
1860.0,592.0,Directed,19428,13.0
1860.0,18245.0,Directed,19573,8.0
1860.0,277.0,Directed,19578,7.0
1860.0,1086.0,Directed,19583,8.0
1860.0,12141.0,Directed,19596,8.0
1860.0,14305.0,Directed,19644,9.0
1860.0,13438.0,Directed,19658,10.0
1860.0,11403.0,Directed,19712,9.0
1860.0,5212.0,Directed,19716,21.0
2101.0,20991.0,Directed,21900,10.0
2101.0,4586.0,Directed,21910,25.0
2101.0,23122.0,Directed,21942,29.0
2101.0,14174.0,Directed,21952,10.0
2101.0,845.0,Directed,21953,13.0
2101.0,16422.0,Directed,21955,10.0
2101.0,19146.0,Directed,21957,29.0
2101.0,1720.0,Directed,21961,17.0
2101.0,9220.0,Directed,21973,9.0
2101.0,21265.0,Directed,22005,17.0
2115.0,19583.0,Directed,22096,8.0
2115.0,10357.0,Directed,22242,10.0
2115.0,9085.0,Directed,22268,7.0
2174.0,97.0,Directed,22778,10.0
2174.0,7321.0,Directed,22898,14.0
2174.0,11585.0,Directed,22970,7.0
2174.0,18526.0,Directed,22981,13.0
2174.0,22652.0,Directed,23000,7.0
2174.0,15973.0,Directed,23034,7.0
2230.0,19184.0,Directed,23463,14.0
2230.0,6467.0,Directed,23469,9.0
2230.0,14761.0,Directed,23479,7.0
2230.0,4451.0,Directed,23480,21.0
2230.0,19583.0,Directed,23483,28.0
2230.0,16817.0,Directed,23495,7.0
2230.0,18825.0,Directed,23496,11.0
2230.0,20811.0,Directed,23505,15.0
2230.0,18806.0,Directed,23549,31.0
2230.0,17238.0,Directed,23558,8.0
2230.0,2437.0,Directed,23560,16.0
2230.0,8940.0,Directed,23564,10.0
2230.0,5721.0,Directed,23571,7.0
2230.0,8557.0,Directed,23618,13.0
2230.0,97.0,Directed,23644,7.0
2230.0,8579.0,Directed,23653,14.0
2230.0,4165.0,Directed,23654,8.0
2230.0,8993.0,Directed,23657,8.0
2230.0,121.0,Directed,23691,12.0
2230.0,18526.0,Directed,23764,33.0
2230.0,2558.0,Directed,23775,7.0
2230.0,11662.0,Directed,23891,15.0
2230.0,2230.0,Directed,23893,10.0
2230.0,11263.0,Directed,23913,7.0
2230.0,1853.0,Directed,23967,15.0
2230.0,6444.0,Directed,23989,7.0
2230.0,5910.0,Directed,24030,15.0
2230.0,15476.0,Directed,24036,29.0
2230.0,13828.0,Directed,24053,7.0
2230.0,9360.0,Directed,24076,13.0
2230.0,10526.0,Directed,24080,7.0
2230.0,11781.0,Directed,24093,8.0
2230.0,17940.0,Directed,24104,7.0
2230.0,15973.0,Directed,24140,22.0
2230.0,9703.0,Directed,24141,7.0
2274.0,18526.0,Directed,24494,7.0
2274.0,2274.0,Directed,24526,8.0
2437.0,4451.0,Directed,25691,7.0
2437.0,2230.0,Directed,25772,13.0
2437.0,25380.0,Directed,25797,8.0
2437.0,2437.0,Directed,25802,28.0
2437.0,21262.0,Directed,25907,9.0
2437.0,12839.0,Directed,25918,10.0
2445.0,11781.0,Directed,25945,8.0
2445.0,23714.0,Directed,25953,7.0
2445.0,2445.0,Directed,25954,12.0
2558.0,19184.0,Directed,26541,7.0
2558.0,3750.0,Directed,26566,8.0
2558.0,19583.0,Directed,26578,12.0
2558.0,8894.0,Directed,26588,16.0
2558.0,16817.0,Directed,26593,11.0
2558.0,17599.0,Directed,26603,13.0
2558.0,20811.0,Directed,26615,10.0
2558.0,2853.0,Directed,26678,7.0
2558.0,2437.0,Directed,26693,10.0
2558.0,5721.0,Directed,26709,15.0
2558.0,11975.0,Directed,26725,7.0
2558.0,25294.0,Directed,26728,10.0
2558.0,22045.0,Directed,26758,32.0
2558.0,16881.0,Directed,26775,8.0
2558.0,97.0,Directed,26806,20.0
2558.0,21682.0,Directed,26819,22.0
2558.0,12343.0,Directed,26829,9.0
2558.0,121.0,Directed,26862,7.0
2558.0,919.0,Directed,26863,11.0
2558.0,24148.0,Directed,26879,9.0
2558.0,1853.0,Directed,26892,8.0
2558.0,8560.0,Directed,26909,7.0
2558.0,12789.0,Directed,26915,29.0
2558.0,20160.0,Directed,26923,16.0
2558.0,18526.0,Directed,26969,26.0
2558.0,15338.0,Directed,26994,7.0
2558.0,10357.0,Directed,27012,14.0
2558.0,19146.0,Directed,27020,8.0
2558.0,20722.0,Directed,27023,8.0
2558.0,25021.0,Directed,27037,15.0
2558.0,23429.0,Directed,27184,8.0
2558.0,18825.0,Directed,27254,7.0
2558.0,1086.0,Directed,27276,9.0
2558.0,14881.0,Directed,27280,7.0
2558.0,6444.0,Directed,27287,8.0
2558.0,15476.0,Directed,27343,19.0
2558.0,13438.0,Directed,27395,12.0
2558.0,736.0,Directed,27398,9.0
2558.0,7601.0,Directed,27415,9.0
2558.0,11781.0,Directed,27443,22.0
2558.0,12108.0,Directed,27488,21.0
2558.0,15973.0,Directed,27511,46.0
2558.0,14305.0,Directed,27518,8.0
2558.0,7647.0,Directed,27539,15.0
2608.0,20114.0,Directed,27960,10.0
2608.0,20498.0,Directed,27973,9.0
2608.0,23122.0,Directed,27981,11.0
2608.0,25044.0,Directed,27994,7.0
2608.0,293.0,Directed,28057,13.0
2608.0,14174.0,Directed,28060,12.0
2608.0,17940.0,Directed,28070,7.0
2608.0,1251.0,Directed,28091,13.0
2608.0,7598.0,Directed,28112,10.0
2608.0,9473.0,Directed,28124,8.0
2608.0,18750.0,Directed,28132,11.0
2608.0,1860.0,Directed,28139,10.0
2770.0,19583.0,Directed,29062,10.0
2770.0,20811.0,Directed,29073,9.0
2770.0,20821.0,Directed,29081,7.0
2770.0,6617.0,Directed,29194,7.0
2770.0,23429.0,Directed,29265,10.0
2770.0,9187.0,Directed,29310,7.0
2770.0,19146.0,Directed,29360,8.0
2770.0,9249.0,Directed,29366,8.0
2770.0,2770.0,Directed,29381,10.0
2770.0,15973.0,Directed,29384,10.0
2770.0,14305.0,Directed,29387,12.0
2853.0,20114.0,Directed,30087,26.0
2853.0,1720.0,Directed,30144,22.0
2853.0,7890.0,Directed,30154,7.0
2853.0,2853.0,Directed,30162,23.0
2853.0,14174.0,Directed,30178,17.0
2853.0,2558.0,Directed,30209,8.0
2853.0,15123.0,Directed,30217,9.0
2985.0,20114.0,Directed,31273,10.0
2985.0,19146.0,Directed,31323,17.0
2985.0,4008.0,Directed,31353,7.0
2985.0,1860.0,Directed,31358,7.0
3046.0,3046.0,Directed,31630,8.0
3046.0,20498.0,Directed,31655,8.0
3046.0,19203.0,Directed,31666,10.0
3217.0,14761.0,Directed,33119,8.0
3217.0,17606.0,Directed,33141,8.0
3217.0,10357.0,Directed,33288,7.0
3217.0,19146.0,Directed,33459,7.0
3252.0,6467.0,Directed,33683,11.0
3252.0,3252.0,Directed,33696,7.0
3252.0,20114.0,Directed,33707,8.0
3252.0,14174.0,Directed,33718,11.0
3252.0,19146.0,Directed,33726,17.0
3252.0,3781.0,Directed,33737,14.0
3258.0,4586.0,Directed,34125,8.0
3258.0,11263.0,Directed,34191,11.0
3258.0,14174.0,Directed,34201,10.0
3258.0,845.0,Directed,34203,16.0
3258.0,19146.0,Directed,34206,32.0
3258.0,17940.0,Directed,34213,15.0
3258.0,2558.0,Directed,34230,7.0
3267.0,19604.0,Directed,34341,7.0
3267.0,4451.0,Directed,34345,7.0
3267.0,4952.0,Directed,34347,12.0
3267.0,6467.0,Directed,34352,15.0
3267.0,4586.0,Directed,34424,12.0
3325.0,4165.0,Directed,34876,9.0
3325.0,13438.0,Directed,34938,8.0
3325.0,10973.0,Directed,35026,7.0
3378.0,4451.0,Directed,35534,7.0
3378.0,10252.0,Directed,35602,7.0
3378.0,19146.0,Directed,35643,17.0
3378.0,17940.0,Directed,35649,8.0
3378.0,3217.0,Directed,35709,11.0
3470.0,18245.0,Directed,36270,13.0
3470.0,3860.0,Directed,36277,10.0
3470.0,11263.0,Directed,36304,7.0
3470.0,16422.0,Directed,36312,10.0
3653.0,16811.0,Directed,37395,22.0
3653.0,25044.0,Directed,37422,9.0
3653.0,3653.0,Directed,37449,7.0
3653.0,4983.0,Directed,37451,8.0
3653.0,18245.0,Directed,37455,7.0
3653.0,9220.0,Directed,37461,7.0
3653.0,9329.0,Directed,37490,19.0
3653.0,24171.0,Directed,37491,11.0
3653.0,5910.0,Directed,37494,8.0
3653.0,6026.0,Directed,37554,11.0
3653.0,2558.0,Directed,37561,14.0
3653.0,856.0,Directed,37563,8.0
3653.0,4701.0,Directed,37608,12.0
3750.0,23122.0,Directed,38289,7.0
3750.0,19146.0,Directed,38305,8.0
3750.0,2558.0,Directed,38316,11.0
3781.0,6467.0,Directed,38728,8.0
3781.0,22991.0,Directed,38738,8.0
3781.0,3252.0,Directed,38744,25.0
3781.0,19146.0,Directed,38769,22.0
3781.0,17375.0,Directed,38782,9.0
3855.0,20686.0,Directed,39325,13.0
3855.0,20114.0,Directed,39330,21.0
3855.0,4983.0,Directed,39359,9.0
3855.0,14174.0,Directed,39386,9.0
3860.0,10973.0,Directed,39507,8.0
3860.0,3470.0,Directed,39537,10.0
4008.0,19184.0,Directed,40550,11.0
4008.0,17599.0,Directed,40589,9.0
4008.0,18776.0,Directed,40590,27.0
4008.0,20811.0,Directed,40594,8.0
4008.0,17606.0,Directed,40599,9.0
4008.0,845.0,Directed,40636,12.0
4008.0,22045.0,Directed,40663,12.0
4008.0,4586.0,Directed,40719,7.0
4008.0,2558.0,Directed,40775,9.0
4008.0,592.0,Directed,40802,16.0
4008.0,22614.0,Directed,40836,7.0
4008.0,23030.0,Directed,40860,16.0
4008.0,19146.0,Directed,40999,13.0
4008.0,21144.0,Directed,41022,9.0
4008.0,15973.0,Directed,41028,26.0
4008.0,25208.0,Directed,41032,28.0
4035.0,4035.0,Directed,41294,10.0
4035.0,751.0,Directed,41384,7.0
4035.0,23778.0,Directed,41393,9.0
4054.0,4054.0,Directed,41718,7.0
4054.0,16811.0,Directed,41722,19.0
4165.0,6467.0,Directed,42555,16.0
4165.0,3325.0,Directed,42587,9.0
4165.0,23003.0,Directed,42593,8.0
4165.0,2230.0,Directed,42640,9.0
4165.0,12207.0,Directed,42663,19.0
4165.0,14174.0,Directed,42670,15.0
4165.0,6617.0,Directed,42698,8.0
4165.0,5514.0,Directed,42701,8.0
4165.0,4008.0,Directed,42733,7.0
4165.0,3217.0,Directed,42744,7.0
4185.0,6467.0,Directed,43044,9.0
4185.0,4451.0,Directed,43053,13.0
4185.0,16422.0,Directed,43103,7.0
4185.0,20114.0,Directed,43146,11.0
4185.0,24171.0,Directed,43194,7.0
4185.0,25380.0,Directed,43197,15.0
4185.0,12833.0,Directed,43234,8.0
4185.0,11633.0,Directed,43254,9.0
4185.0,14174.0,Directed,43291,24.0
4185.0,19874.0,Directed,43323,8.0
4185.0,23122.0,Directed,43379,9.0
4185.0,19146.0,Directed,43393,30.0
4185.0,7890.0,Directed,43408,7.0
4185.0,3217.0,Directed,43439,14.0
4330.0,16811.0,Directed,44762,9.0
4330.0,10526.0,Directed,44789,7.0
4330.0,21717.0,Directed,44818,21.0
4330.0,14606.0,Directed,44837,8.0
4330.0,11585.0,Directed,44849,18.0
4330.0,21262.0,Directed,44898,20.0
4451.0,14761.0,Directed,45427,32.0
4451.0,4451.0,Directed,45430,25.0
4451.0,17599.0,Directed,45440,8.0
4451.0,20811.0,Directed,45446,7.0
4451.0,7321.0,Directed,45476,7.0
4451.0,2437.0,Directed,45478,9.0
4451.0,8940.0,Directed,45481,13.0
4451.0,5721.0,Directed,45485,16.0
4451.0,18825.0,Directed,45493,27.0
4451.0,1647.0,Directed,45494,9.0
4451.0,19583.0,Directed,45507,18.0
4451.0,121.0,Directed,45553,18.0
4451.0,18956.0,Directed,45620,11.0
4451.0,15359.0,Directed,45642,7.0
4451.0,11403.0,Directed,45654,11.0
4451.0,22614.0,Directed,45659,9.0
4451.0,25838.0,Directed,45660,8.0
4451.0,11662.0,Directed,45674,8.0
4451.0,2230.0,Directed,45677,10.0
4451.0,1473.0,Directed,45716,20.0
4451.0,277.0,Directed,45723,9.0
4451.0,15893.0,Directed,45724,7.0
4451.0,12141.0,Directed,45738,11.0
4451.0,8775.0,Directed,45744,9.0
4451.0,9187.0,Directed,45746,15.0
4451.0,13828.0,Directed,45773,15.0
4451.0,17564.0,Directed,45824,12.0
4451.0,15973.0,Directed,45836,7.0
4451.0,9703.0,Directed,45838,7.0
4531.0,19295.0,Directed,46344,18.0
4531.0,4531.0,Directed,46402,11.0
4586.0,19184.0,Directed,46892,14.0
4586.0,19583.0,Directed,46915,26.0
4586.0,17599.0,Directed,46929,12.0
4586.0,18776.0,Directed,46931,10.0
4586.0,20811.0,Directed,46938,8.0
4586.0,3267.0,Directed,46961,13.0
4586.0,5721.0,Directed,46978,29.0
4586.0,25294.0,Directed,46985,19.0
4586.0,22045.0,Directed,46995,10.0
4586.0,7370.0,Directed,47008,8.0
4586.0,16086.0,Directed,47023,10.0
4586.0,2101.0,Directed,47040,29.0
4586.0,4586.0,Directed,47046,111.0
4586.0,18939.0,Directed,47103,14.0
4586.0,10357.0,Directed,47108,8.0
4586.0,22614.0,Directed,47155,8.0
4586.0,19833.0,Directed,47180,11.0
4586.0,23429.0,Directed,47184,13.0
4586.0,14174.0,Directed,47188,8.0
4586.0,12141.0,Directed,47236,12.0
4586.0,9187.0,Directed,47245,41.0
4586.0,13828.0,Directed,47268,10.0
4586.0,19146.0,Directed,47296,7.0
4586.0,11403.0,Directed,47307,8.0
4586.0,23145.0,Directed,47311,7.0
4586.0,21144.0,Directed,47316,7.0
4586.0,15973.0,Directed,47322,10.0
4586.0,14761.0,Directed,47339,8.0
4611.0,19203.0,Directed,47551,8.0
4611.0,4611.0,Directed,47607,18.0
4611.0,11385.0,Directed,47613,14.0
4611.0,751.0,Directed,47615,8.0
4701.0,6026.0,Directed,48461,10.0
4769.0,20114.0,Directed,48820,7.0
4769.0,23122.0,Directed,48823,8.0
4769.0,22601.0,Directed,48826,8.0
4769.0,17940.0,Directed,48881,11.0
4860.0,20811.0,Directed,49607,7.0
4860.0,19648.0,Directed,49678,7.0
4860.0,14394.0,Directed,49684,14.0
4952.0,9085.0,Directed,50269,7.0
4952.0,19583.0,Directed,50272,17.0
4952.0,18825.0,Directed,50431,15.0
4952.0,11403.0,Directed,50433,8.0
4983.0,3855.0,Directed,50775,10.0
4983.0,5212.0,Directed,50863,7.0
4983.0,10357.0,Directed,50895,17.0
4983.0,7647.0,Directed,50923,7.0
5054.0,11585.0,Directed,51574,16.0
5054.0,25944.0,Directed,51611,7.0
5054.0,23778.0,Directed,51652,11.0
5054.0,19553.0,Directed,51675,11.0
5172.0,8993.0,Directed,52323,8.0
5172.0,21717.0,Directed,52356,7.0
5172.0,23778.0,Directed,52375,9.0
5212.0,6467.0,Directed,52512,7.0
5212.0,4451.0,Directed,52525,19.0
5212.0,23206.0,Directed,52554,19.0
5212.0,10252.0,Directed,52611,8.0
5212.0,21262.0,Directed,52619,11.0
5212.0,8993.0,Directed,52639,8.0
5212.0,9850.0,Directed,52650,41.0
5212.0,4983.0,Directed,52670,13.0
5212.0,24171.0,Directed,52687,9.0
5212.0,25380.0,Directed,52692,8.0
5212.0,15359.0,Directed,52749,7.0
5212.0,14128.0,Directed,52760,9.0
5212.0,5910.0,Directed,52798,7.0
5212.0,11263.0,Directed,52806,15.0
5212.0,14174.0,Directed,52816,9.0
5212.0,2230.0,Directed,52835,8.0
5212.0,18245.0,Directed,52837,20.0
5212.0,1860.0,Directed,52849,37.0
5212.0,12141.0,Directed,52851,7.0
5212.0,10895.0,Directed,52852,13.0
5212.0,10503.0,Directed,52877,14.0
5212.0,23122.0,Directed,52904,9.0
5212.0,751.0,Directed,52909,10.0
5212.0,19146.0,Directed,52920,35.0
5212.0,12839.0,Directed,52923,12.0
5212.0,5212.0,Directed,52930,24.0
5212.0,4008.0,Directed,52965,15.0
5212.0,3217.0,Directed,52967,7.0
5228.0,523.0,Directed,53040,13.0
5228.0,18776.0,Directed,53058,7.0
5228.0,11403.0,Directed,53110,9.0
5228.0,1647.0,Directed,53111,9.0
5514.0,19184.0,Directed,54727,8.0
5514.0,17599.0,Directed,54754,7.0
5514.0,20811.0,Directed,54760,7.0
5514.0,11662.0,Directed,55003,12.0
5514.0,14174.0,Directed,55022,8.0
5514.0,6444.0,Directed,55064,7.0
5514.0,17940.0,Directed,55143,7.0
5514.0,14761.0,Directed,55179,8.0
5545.0,24014.0,Directed,55349,7.0
5545.0,8993.0,Directed,55368,11.0
5545.0,10526.0,Directed,55419,12.0
5545.0,23778.0,Directed,55444,7.0
5545.0,6026.0,Directed,55452,7.0
5547.0,20811.0,Directed,55518,7.0
5547.0,19648.0,Directed,55553,31.0
5547.0,14305.0,Directed,55788,7.0
5547.0,6781.0,Directed,55802,9.0
5547.0,10973.0,Directed,55844,9.0
5721.0,6467.0,Directed,56954,8.0
5721.0,4451.0,Directed,56964,23.0
5721.0,16811.0,Directed,56968,8.0
5721.0,845.0,Directed,57023,8.0
5721.0,8993.0,Directed,57086,12.0
5721.0,4586.0,Directed,57112,14.0
5721.0,24171.0,Directed,57143,7.0
5721.0,15338.0,Directed,57177,9.0
5721.0,2558.0,Directed,57250,16.0
5721.0,2230.0,Directed,57254,10.0
5721.0,5910.0,Directed,57262,12.0
5721.0,11263.0,Directed,57269,7.0
5721.0,1860.0,Directed,57317,24.0
5721.0,10526.0,Directed,57376,9.0
5721.0,751.0,Directed,57385,11.0
5721.0,19146.0,Directed,57395,9.0
5721.0,18750.0,Directed,57435,7.0
5910.0,19583.0,Directed,58712,9.0
5910.0,18825.0,Directed,58724,8.0
5910.0,17599.0,Directed,58727,10.0
5910.0,3258.0,Directed,58746,8.0
5910.0,2437.0,Directed,58784,8.0
5910.0,5721.0,Directed,58792,17.0
5910.0,15359.0,Directed,58798,22.0
5910.0,14761.0,Directed,58802,15.0
5910.0,1647.0,Directed,58806,17.0
5910.0,8579.0,Directed,58867,16.0
5910.0,2558.0,Directed,58960,9.0
5910.0,10357.0,Directed,58985,20.0
5910.0,19146.0,Directed,58990,9.0
5910.0,7890.0,Directed,59041,9.0
5910.0,2230.0,Directed,59076,17.0
5910.0,5910.0,Directed,59082,52.0
5910.0,14174.0,Directed,59093,15.0
5910.0,1853.0,Directed,59126,16.0
5910.0,1086.0,Directed,59135,8.0
5910.0,15476.0,Directed,59179,10.0
5910.0,13438.0,Directed,59208,14.0
5910.0,6013.0,Directed,59239,8.0
5910.0,15973.0,Directed,59283,34.0
5910.0,13828.0,Directed,59299,12.0
6013.0,845.0,Directed,60017,8.0
6013.0,20114.0,Directed,60077,24.0
6013.0,2558.0,Directed,60146,8.0
6013.0,14174.0,Directed,60233,8.0
6013.0,23122.0,Directed,60325,9.0
6013.0,18750.0,Directed,60372,8.0
6026.0,4701.0,Directed,60454,11.0
6315.0,25294.0,Directed,62665,8.0
6315.0,22045.0,Directed,62685,9.0
6315.0,9085.0,Directed,62847,7.0
6315.0,10973.0,Directed,63026,7.0
6433.0,15973.0,Directed,63838,13.0
6433.0,6433.0,Directed,63890,10.0
6444.0,6467.0,Directed,63956,7.0
6444.0,4451.0,Directed,63983,12.0
6444.0,10895.0,Directed,63994,16.0
6444.0,2230.0,Directed,64073,7.0
6444.0,17940.0,Directed,64128,8.0
6444.0,2558.0,Directed,64147,8.0
6467.0,6467.0,Directed,64328,10.0
6467.0,14761.0,Directed,64335,28.0
6467.0,19583.0,Directed,64338,96.0
6467.0,17599.0,Directed,64345,16.0
6467.0,18776.0,Directed,64346,15.0
6467.0,3252.0,Directed,64356,29.0
6467.0,11671.0,Directed,64368,13.0
6467.0,3267.0,Directed,64372,14.0
6467.0,18806.0,Directed,64374,18.0
6467.0,18825.0,Directed,64389,18.0
6467.0,1647.0,Directed,64390,10.0
6467.0,25294.0,Directed,64392,42.0
6467.0,22045.0,Directed,64406,13.0
6467.0,4185.0,Directed,64455,9.0
6467.0,8557.0,Directed,64456,12.0
6467.0,3781.0,Directed,64482,8.0
6467.0,592.0,Directed,64513,8.0
6467.0,15359.0,Directed,64520,34.0
6467.0,4165.0,Directed,64572,16.0
6467.0,15020.0,Directed,64579,23.0
6467.0,1473.0,Directed,64584,9.0
6467.0,1086.0,Directed,64595,34.0
6467.0,9187.0,Directed,64612,70.0
6467.0,4769.0,Directed,64620,13.0
6467.0,15893.0,Directed,64621,21.0
6467.0,12347.0,Directed,64622,13.0
6467.0,13828.0,Directed,64639,29.0
6467.0,17102.0,Directed,64641,12.0
6467.0,21144.0,Directed,64683,13.0
6467.0,11811.0,Directed,64684,14.0
6467.0,10973.0,Directed,64687,22.0
6467.0,15973.0,Directed,64692,46.0
6467.0,277.0,Directed,64698,23.0
6467.0,25208.0,Directed,64702,11.0
6549.0,16626.0,Directed,65384,9.0
6549.0,11585.0,Directed,65407,9.0
6617.0,20811.0,Directed,66057,14.0
6617.0,8940.0,Directed,66080,7.0
6617.0,4165.0,Directed,66134,8.0
6617.0,21696.0,Directed,66144,7.0
6617.0,18526.0,Directed,66192,29.0
6617.0,6617.0,Directed,66200,7.0
6617.0,12997.0,Directed,66345,7.0
6617.0,11781.0,Directed,66352,8.0
6617.0,23145.0,Directed,66365,11.0
6720.0,16817.0,Directed,67448,7.0
6720.0,11585.0,Directed,67557,7.0
6720.0,6720.0,Directed,67584,8.0
6781.0,5547.0,Directed,68074,11.0
6781.0,20686.0,Directed,68081,9.0
6781.0,1720.0,Directed,68154,9.0
6781.0,11585.0,Directed,68200,7.0
7130.0,751.0,Directed,71008,10.0
7130.0,845.0,Directed,71012,8.0
7130.0,17940.0,Directed,71018,12.0
7151.0,1590.0,Directed,71253,8.0
7151.0,8195.0,Directed,71307,16.0
7151.0,2437.0,Directed,71316,7.0
7151.0,8557.0,Directed,71353,7.0
7180.0,15745.0,Directed,71445,7.0
7180.0,10973.0,Directed,71596,11.0
7315.0,16811.0,Directed,72591,14.0
7315.0,4983.0,Directed,72600,7.0
7315.0,10503.0,Directed,72622,9.0
7315.0,24171.0,Directed,72689,8.0
7315.0,14174.0,Directed,72721,7.0
7315.0,19146.0,Directed,72727,8.0
7315.0,10252.0,Directed,72792,8.0
7315.0,1860.0,Directed,72808,8.0
7321.0,8557.0,Directed,72898,8.0
7321.0,8993.0,Directed,72923,7.0
7321.0,2174.0,Directed,72997,23.0
7321.0,16626.0,Directed,73048,8.0
7321.0,16703.0,Directed,73119,19.0
7321.0,7838.0,Directed,73141,8.0
7321.0,13875.0,Directed,73157,10.0
7370.0,4586.0,Directed,73584,11.0
7370.0,751.0,Directed,73620,7.0
7598.0,19893.0,Directed,75153,8.0
7598.0,1647.0,Directed,75312,11.0
7598.0,8557.0,Directed,75362,9.0
7601.0,6467.0,Directed,75399,11.0
7601.0,4451.0,Directed,75412,11.0
7601.0,10254.0,Directed,75494,7.0
7601.0,9850.0,Directed,75526,13.0
7601.0,2558.0,Directed,75586,27.0
7601.0,10252.0,Directed,75662,7.0
7601.0,11246.0,Directed,75663,10.0
7601.0,14602.0,Directed,75678,14.0
7601.0,1860.0,Directed,75718,19.0
7601.0,19146.0,Directed,75788,10.0
7601.0,6433.0,Directed,75798,7.0
7601.0,4008.0,Directed,75823,11.0
7615.0,7615.0,Directed,75935,8.0
7615.0,17940.0,Directed,75948,12.0
7647.0,4451.0,Directed,76424,18.0
7647.0,16811.0,Directed,76428,9.0
7647.0,10252.0,Directed,76493,7.0
7647.0,97.0,Directed,76504,7.0
7647.0,2558.0,Directed,76577,13.0
7647.0,22193.0,Directed,76643,7.0
7647.0,14174.0,Directed,76661,7.0
7647.0,17940.0,Directed,76758,8.0
7647.0,7647.0,Directed,76793,10.0
7647.0,3217.0,Directed,76795,7.0
7838.0,7321.0,Directed,78110,10.0
7838.0,20722.0,Directed,78148,12.0
7890.0,17599.0,Directed,78492,11.0
7890.0,18776.0,Directed,78494,24.0
7890.0,2853.0,Directed,78533,11.0
7890.0,845.0,Directed,78538,9.0
7890.0,20114.0,Directed,78597,12.0
7890.0,4185.0,Directed,78632,9.0
7890.0,1720.0,Directed,78642,13.0
7890.0,15338.0,Directed,78674,10.0
7890.0,18929.0,Directed,78679,10.0
7890.0,10357.0,Directed,78683,10.0
7890.0,12833.0,Directed,78694,14.0
7890.0,3855.0,Directed,78736,9.0
7890.0,5910.0,Directed,78757,13.0
7890.0,14174.0,Directed,78768,17.0
7890.0,19874.0,Directed,78800,8.0
7890.0,1086.0,Directed,78806,7.0
7890.0,4769.0,Directed,78829,8.0
7890.0,13438.0,Directed,78878,8.0
7890.0,20722.0,Directed,78886,7.0
7890.0,23122.0,Directed,78892,7.0
7890.0,19146.0,Directed,78903,20.0
7890.0,25208.0,Directed,78932,7.0
8087.0,20686.0,Directed,80062,11.0
8087.0,20114.0,Directed,80069,7.0
8087.0,9850.0,Directed,80079,9.0
8087.0,8087.0,Directed,80102,11.0
8087.0,1720.0,Directed,80105,13.0
8087.0,23122.0,Directed,80115,10.0
8087.0,751.0,Directed,80122,11.0
8087.0,14174.0,Directed,80125,9.0
8195.0,16811.0,Directed,80743,9.0
8195.0,24171.0,Directed,80831,8.0
8195.0,8195.0,Directed,80838,8.0
8195.0,19019.0,Directed,80840,8.0
8195.0,2558.0,Directed,80882,7.0
8195.0,7151.0,Directed,80907,17.0
8195.0,1275.0,Directed,80936,7.0
8235.0,15359.0,Directed,81206,7.0
8317.0,8993.0,Directed,82067,7.0
8317.0,15476.0,Directed,82088,9.0
8317.0,10526.0,Directed,82139,7.0
8317.0,11781.0,Directed,82158,7.0
8317.0,23778.0,Directed,82168,14.0
8317.0,22652.0,Directed,82184,9.0
8557.0,6467.0,Directed,84016,8.0
8557.0,10895.0,Directed,84046,13.0
8557.0,4451.0,Directed,84049,12.0
8557.0,19583.0,Directed,84054,11.0
8557.0,16811.0,Directed,84056,10.0
8557.0,4586.0,Directed,84106,7.0
8557.0,8557.0,Directed,84126,29.0
8557.0,22193.0,Directed,84150,9.0
8557.0,7598.0,Directed,84159,12.0
8557.0,856.0,Directed,84160,12.0
8557.0,2230.0,Directed,84161,19.0
8557.0,9329.0,Directed,84176,10.0
8557.0,24171.0,Directed,84177,16.0
8557.0,16422.0,Directed,84217,8.0
8557.0,7151.0,Directed,84277,10.0
8557.0,588.0,Directed,84326,10.0
8557.0,21265.0,Directed,84333,11.0
8557.0,19067.0,Directed,84338,13.0
8557.0,12839.0,Directed,84342,7.0
8560.0,20114.0,Directed,84365,9.0
8560.0,8993.0,Directed,84374,20.0
8560.0,9538.0,Directed,84441,8.0
8560.0,10526.0,Directed,84458,9.0
8560.0,2558.0,Directed,84523,17.0
8560.0,6720.0,Directed,84539,9.0
8579.0,21262.0,Directed,85008,7.0
8579.0,8579.0,Directed,85032,7.0
8579.0,8993.0,Directed,85038,9.0
8579.0,6720.0,Directed,85290,7.0
8579.0,1853.0,Directed,85302,8.0
8579.0,15476.0,Directed,85353,9.0
8775.0,8775.0,Directed,86971,10.0
8775.0,4451.0,Directed,86983,10.0
8775.0,24171.0,Directed,87077,11.0
8775.0,14174.0,Directed,87107,7.0
8775.0,18825.0,Directed,87119,8.0
8822.0,8822.0,Directed,87682,13.0
8822.0,14174.0,Directed,87720,9.0
8822.0,17564.0,Directed,87762,10.0
8822.0,1860.0,Directed,87834,10.0
8894.0,4451.0,Directed,88326,16.0
8894.0,4952.0,Directed,88332,7.0
8894.0,8993.0,Directed,88334,13.0
8894.0,751.0,Directed,88441,7.0
8894.0,2558.0,Directed,88477,21.0
8894.0,4008.0,Directed,88529,7.0
8940.0,4451.0,Directed,88991,15.0
8940.0,18825.0,Directed,89155,7.0
8993.0,24014.0,Directed,89391,16.0
8993.0,19583.0,Directed,89420,14.0
8993.0,8894.0,Directed,89427,8.0
8993.0,16817.0,Directed,89433,12.0
8993.0,18825.0,Directed,89434,46.0
8993.0,20811.0,Directed,89443,13.0
8993.0,2437.0,Directed,89506,7.0
8993.0,6720.0,Directed,89563,11.0
8993.0,97.0,Directed,89600,8.0
8993.0,21682.0,Directed,89612,8.0
8993.0,8993.0,Directed,89616,34.0
8993.0,23576.0,Directed,89651,10.0
8993.0,11975.0,Directed,89678,9.0
8993.0,167.0,Directed,89712,10.0
8993.0,23778.0,Directed,89718,15.0
8993.0,18526.0,Directed,89723,21.0
8993.0,14089.0,Directed,89737,15.0
8993.0,5545.0,Directed,89762,14.0
8993.0,8560.0,Directed,89767,11.0
8993.0,2230.0,Directed,89866,9.0
8993.0,22652.0,Directed,89914,17.0
8993.0,277.0,Directed,89946,15.0
8993.0,12343.0,Directed,89949,14.0
8993.0,15476.0,Directed,90005,26.0
8993.0,5172.0,Directed,90013,7.0
8993.0,10526.0,Directed,90052,7.0
8993.0,11781.0,Directed,90073,19.0
8993.0,18031.0,Directed,90090,11.0
8993.0,17564.0,Directed,90106,9.0
8993.0,15973.0,Directed,90122,33.0
8993.0,10565.0,Directed,90133,10.0
9085.0,20114.0,Directed,90906,18.0
9085.0,19146.0,Directed,91113,7.0
9085.0,18750.0,Directed,91123,7.0
9187.0,6467.0,Directed,91618,88.0
9187.0,14761.0,Directed,91626,8.0
9187.0,4451.0,Directed,91627,54.0
9187.0,16811.0,Directed,91630,19.0
9187.0,845.0,Directed,91677,10.0
9187.0,16422.0,Directed,91678,10.0
9187.0,10252.0,Directed,91710,12.0
9187.0,21265.0,Directed,91716,9.0
9187.0,4586.0,Directed,91743,54.0
9187.0,4983.0,Directed,91752,7.0
9187.0,2115.0,Directed,91756,7.0
9187.0,22601.0,Directed,91817,12.0
9187.0,20991.0,Directed,91820,17.0
9187.0,23003.0,Directed,91822,20.0
9187.0,5910.0,Directed,91841,9.0
9187.0,12207.0,Directed,91848,15.0
9187.0,14174.0,Directed,91852,95.0
9187.0,1860.0,Directed,91883,10.0
9187.0,9187.0,Directed,91898,20.0
9187.0,23122.0,Directed,91929,11.0
9187.0,19146.0,Directed,91940,53.0
9187.0,17940.0,Directed,91944,26.0
9187.0,4008.0,Directed,91946,8.0
9187.0,17564.0,Directed,91951,9.0
9187.0,2770.0,Directed,91963,8.0
9187.0,3217.0,Directed,91981,11.0
9220.0,4165.0,Directed,92325,7.0
9220.0,19583.0,Directed,92329,10.0
9220.0,2101.0,Directed,92348,8.0
9220.0,3653.0,Directed,92372,10.0
9220.0,18825.0,Directed,92428,12.0
9249.0,751.0,Directed,92834,8.0
9249.0,9249.0,Directed,92843,9.0
9329.0,19583.0,Directed,93289,23.0
9329.0,13828.0,Directed,93336,15.0
9329.0,523.0,Directed,93352,9.0
9329.0,17238.0,Directed,93395,12.0
9329.0,5721.0,Directed,93411,8.0
9329.0,15973.0,Directed,93455,8.0
9360.0,2230.0,Directed,93703,13.0
9403.0,24171.0,Directed,94164,8.0
9403.0,25380.0,Directed,94169,10.0
9403.0,14174.0,Directed,94183,14.0
9403.0,4952.0,Directed,94224,7.0
9403.0,21265.0,Directed,94261,8.0
9473.0,9085.0,Directed,94892,7.0
9473.0,21509.0,Directed,94961,7.0
9473.0,25294.0,Directed,95013,7.0
9473.0,20722.0,Directed,95048,7.0
9538.0,12343.0,Directed,95512,7.0
9538.0,18526.0,Directed,95523,10.0
9538.0,15476.0,Directed,95536,7.0
9538.0,9538.0,Directed,95590,23.0
9538.0,6720.0,Directed,95625,8.0
9538.0,11781.0,Directed,95654,11.0
9703.0,4451.0,Directed,97124,10.0
9703.0,23206.0,Directed,97196,10.0
9703.0,11246.0,Directed,97206,8.0
9703.0,17940.0,Directed,97289,7.0
9703.0,21262.0,Directed,97330,8.0
9785.0,21756.0,Directed,98055,10.0
9785.0,4330.0,Directed,98088,8.0
9850.0,19583.0,Directed,98740,11.0
9850.0,20811.0,Directed,98760,13.0
9850.0,23714.0,Directed,98878,7.0
9850.0,9850.0,Directed,98898,12.0
9850.0,8087.0,Directed,98919,9.0
9850.0,14128.0,Directed,99007,8.0
9850.0,5212.0,Directed,99027,22.0
9850.0,23429.0,Directed,99045,7.0
9850.0,1473.0,Directed,99079,9.0
9850.0,25208.0,Directed,99204,7.0
10252.0,13828.0,Directed,102292,7.0
10252.0,523.0,Directed,102297,7.0
10252.0,20160.0,Directed,102345,7.0
10254.0,18526.0,Directed,102548,8.0
10254.0,21900.0,Directed,102581,9.0
10254.0,11975.0,Directed,102596,9.0
10254.0,7601.0,Directed,102604,7.0
10254.0,13513.0,Directed,102652,7.0
10254.0,15973.0,Directed,102662,10.0
10357.0,6467.0,Directed,103380,13.0
10357.0,751.0,Directed,103388,7.0
10357.0,16811.0,Directed,103412,23.0
10357.0,22991.0,Directed,103456,8.0
10357.0,2853.0,Directed,103490,8.0
10357.0,845.0,Directed,103511,8.0
10357.0,16422.0,Directed,103512,12.0
10357.0,10252.0,Directed,103576,16.0
10357.0,21265.0,Directed,103592,16.0
10357.0,20114.0,Directed,103615,63.0
10357.0,4952.0,Directed,103623,7.0
10357.0,9850.0,Directed,103649,13.0
10357.0,4586.0,Directed,103665,25.0
10357.0,4983.0,Directed,103680,13.0
10357.0,2115.0,Directed,103684,13.0
10357.0,1720.0,Directed,103698,21.0
10357.0,25380.0,Directed,103725,14.0
10357.0,2558.0,Directed,103760,61.0
10357.0,15338.0,Directed,103776,12.0
10357.0,18929.0,Directed,103781,7.0
10357.0,10357.0,Directed,103789,29.0
10357.0,12833.0,Directed,103808,23.0
10357.0,23003.0,Directed,103870,8.0
10357.0,5910.0,Directed,103936,29.0
10357.0,14174.0,Directed,103958,81.0
10357.0,11939.0,Directed,103959,10.0
10357.0,5514.0,Directed,103989,26.0
10357.0,19874.0,Directed,104018,24.0
10357.0,1086.0,Directed,104026,7.0
10357.0,1860.0,Directed,104034,20.0
10357.0,20686.0,Directed,104056,17.0
10357.0,19886.0,Directed,104061,8.0
10357.0,16703.0,Directed,104108,15.0
10357.0,10503.0,Directed,104109,9.0
10357.0,7598.0,Directed,104163,11.0
10357.0,8822.0,Directed,104171,14.0
10357.0,23122.0,Directed,104175,19.0
10357.0,19146.0,Directed,104202,116.0
10357.0,17940.0,Directed,104209,33.0
10357.0,7890.0,Directed,104226,34.0
10357.0,21550.0,Directed,104235,8.0
10357.0,15123.0,Directed,104237,13.0
10357.0,21560.0,Directed,104255,7.0
10357.0,4008.0,Directed,104278,20.0
10357.0,3217.0,Directed,104291,30.0
10393.0,14128.0,Directed,104744,7.0
10393.0,5212.0,Directed,104831,10.0
10393.0,16350.0,Directed,104850,8.0
10393.0,15973.0,Directed,104851,7.0
10503.0,5212.0,Directed,105700,11.0
10526.0,24014.0,Directed,106016,19.0
10526.0,97.0,Directed,106030,17.0
10526.0,21696.0,Directed,106094,9.0
10526.0,20821.0,Directed,106153,8.0
10526.0,11263.0,Directed,106205,9.0
10526.0,11781.0,Directed,106216,12.0
10526.0,18526.0,Directed,106244,7.0
10526.0,18825.0,Directed,106246,10.0
10526.0,22652.0,Directed,106260,11.0
10526.0,13513.0,Directed,106272,7.0
10526.0,20369.0,Directed,106283,7.0
10526.0,167.0,Directed,106293,11.0
10565.0,24014.0,Directed,106637,12.0
10565.0,8993.0,Directed,106756,10.0
10565.0,11585.0,Directed,106816,7.0
10791.0,20811.0,Directed,108920,8.0
10791.0,19648.0,Directed,108934,7.0
10791.0,15560.0,Directed,108994,7.0
10895.0,6444.0,Directed,109644,9.0
10895.0,14761.0,Directed,109726,14.0
10895.0,5212.0,Directed,109731,14.0
10895.0,8557.0,Directed,109745,10.0
10973.0,6467.0,Directed,110346,15.0
10973.0,7180.0,Directed,110349,10.0
10973.0,20114.0,Directed,110363,11.0
10973.0,3860.0,Directed,110365,8.0
10973.0,5910.0,Directed,110378,8.0
10973.0,23003.0,Directed,110385,17.0
10973.0,25380.0,Directed,110423,7.0
10973.0,5547.0,Directed,110428,7.0
10973.0,23122.0,Directed,110443,8.0
10973.0,6315.0,Directed,110466,12.0
10973.0,2558.0,Directed,110477,8.0
10973.0,15338.0,Directed,110493,17.0
11116.0,11116.0,Directed,111525,11.0
11116.0,17940.0,Directed,111638,15.0
11116.0,15973.0,Directed,111673,12.0
11246.0,11403.0,Directed,113110,8.0
11263.0,8579.0,Directed,113259,8.0
11263.0,19583.0,Directed,113271,14.0
11263.0,16817.0,Directed,113295,14.0
11263.0,10526.0,Directed,113322,10.0
11263.0,23429.0,Directed,113419,11.0
11263.0,18526.0,Directed,113453,8.0
11263.0,18825.0,Directed,113455,19.0
11263.0,5212.0,Directed,113461,11.0
11263.0,15973.0,Directed,113496,7.0
11263.0,1853.0,Directed,113511,23.0
11263.0,21262.0,Directed,113527,11.0
11385.0,10526.0,Directed,114833,8.0
11385.0,4611.0,Directed,114845,16.0
11385.0,11385.0,Directed,114850,8.0
11385.0,15359.0,Directed,114869,19.0
11394.0,14429.0,Directed,114918,8.0
11394.0,4586.0,Directed,114962,7.0
11394.0,18825.0,Directed,115032,8.0
11394.0,6026.0,Directed,115034,7.0
11394.0,18245.0,Directed,115066,18.0
11403.0,16811.0,Directed,115129,9.0
11403.0,11403.0,Directed,115182,9.0
11545.0,19019.0,Directed,116267,8.0
11545.0,15359.0,Directed,116278,7.0
11545.0,16626.0,Directed,116309,12.0
11585.0,390.0,Directed,116622,8.0
11585.0,16817.0,Directed,116659,7.0
11585.0,20811.0,Directed,116668,9.0
11585.0,97.0,Directed,116808,24.0
11585.0,12343.0,Directed,116835,12.0
11585.0,18825.0,Directed,116946,14.0
11585.0,18526.0,Directed,116947,9.0
11585.0,2558.0,Directed,116955,7.0
11585.0,11585.0,Directed,117018,33.0
11585.0,5054.0,Directed,117027,15.0
11585.0,14089.0,Directed,117125,11.0
11585.0,4330.0,Directed,117183,12.0
11585.0,736.0,Directed,117259,7.0
11585.0,2437.0,Directed,117277,15.0
11585.0,11781.0,Directed,117284,18.0
11585.0,15973.0,Directed,117335,28.0
11585.0,10565.0,Directed,117350,9.0
11662.0,17940.0,Directed,117975,12.0
11662.0,4451.0,Directed,117986,23.0
11662.0,8993.0,Directed,117990,7.0
11662.0,11662.0,Directed,118054,21.0
11662.0,2230.0,Directed,118057,16.0
11662.0,25380.0,Directed,118076,9.0
11662.0,14174.0,Directed,118083,32.0
11662.0,845.0,Directed,118084,13.0
11662.0,19146.0,Directed,118087,11.0
11662.0,4586.0,Directed,118117,8.0
11671.0,6467.0,Directed,118195,11.0
11671.0,4451.0,Directed,118208,13.0
11671.0,23206.0,Directed,118234,17.0
11671.0,14174.0,Directed,118264,10.0
11671.0,19146.0,Directed,118269,12.0
11781.0,24014.0,Directed,118956,26.0
11781.0,845.0,Directed,119025,10.0
11781.0,16422.0,Directed,119026,27.0
11781.0,2445.0,Directed,119031,14.0
11781.0,8993.0,Directed,119081,34.0
11781.0,21717.0,Directed,119118,10.0
11781.0,23778.0,Directed,119139,33.0
11781.0,11585.0,Directed,119141,29.0
11781.0,6617.0,Directed,119151,9.0
11781.0,5545.0,Directed,119168,9.0
11781.0,9538.0,Directed,119224,49.0
11781.0,2558.0,Directed,119227,43.0
11781.0,2230.0,Directed,119230,12.0
11781.0,8317.0,Directed,119248,10.0
11781.0,11263.0,Directed,119249,17.0
11781.0,14174.0,Directed,119255,7.0
11781.0,22652.0,Directed,119270,9.0
11781.0,6720.0,Directed,119279,24.0
11781.0,15476.0,Directed,119318,7.0
11781.0,10526.0,Directed,119347,27.0
11781.0,11781.0,Directed,119361,23.0
11811.0,6467.0,Directed,119568,14.0
11811.0,4451.0,Directed,119595,7.0
11811.0,16811.0,Directed,119603,8.0
11811.0,9329.0,Directed,119712,8.0
11939.0,19583.0,Directed,120727,11.0
11939.0,4586.0,Directed,120738,9.0
11975.0,11585.0,Directed,121240,7.0
11975.0,8993.0,Directed,121281,7.0
11975.0,10254.0,Directed,121305,9.0
12108.0,20114.0,Directed,122287,14.0
12108.0,23003.0,Directed,122366,26.0
12108.0,2558.0,Directed,122443,18.0
12108.0,15123.0,Directed,122453,18.0
12108.0,17260.0,Directed,122474,21.0
12141.0,6467.0,Directed,122698,15.0
12141.0,4451.0,Directed,122716,25.0
12141.0,20114.0,Directed,122723,9.0
12141.0,4952.0,Directed,122730,8.0
12141.0,16811.0,Directed,122736,21.0
12141.0,9850.0,Directed,122760,7.0
12141.0,2115.0,Directed,122779,8.0
12141.0,19295.0,Directed,122782,14.0
12141.0,4586.0,Directed,122788,16.0
12141.0,14174.0,Directed,122896,10.0
12141.0,19146.0,Directed,122901,30.0
12141.0,17940.0,Directed,122911,15.0
12141.0,4008.0,Directed,122912,11.0
12141.0,5212.0,Directed,122927,10.0
12141.0,18750.0,Directed,122995,8.0
12141.0,1860.0,Directed,123013,33.0
12207.0,14761.0,Directed,123412,34.0
12207.0,4165.0,Directed,123416,26.0
12207.0,19583.0,Directed,123419,11.0
12207.0,11116.0,Directed,123424,8.0
12207.0,20811.0,Directed,123455,7.0
12207.0,9187.0,Directed,123520,15.0
12207.0,15359.0,Directed,123551,8.0
12207.0,18526.0,Directed,123556,11.0
12207.0,12997.0,Directed,123599,9.0
12281.0,12343.0,Directed,124064,10.0
12281.0,18526.0,Directed,124208,7.0
12281.0,18825.0,Directed,124210,9.0
12281.0,167.0,Directed,124253,12.0
12347.0,6467.0,Directed,124795,7.0
12347.0,4451.0,Directed,124807,8.0
12347.0,23206.0,Directed,124808,16.0
12451.0,20114.0,Directed,125517,11.0
12451.0,12451.0,Directed,125549,7.0
12451.0,19146.0,Directed,125604,13.0
12451.0,2558.0,Directed,125613,9.0
12565.0,10526.0,Directed,126376,8.0
12565.0,23778.0,Directed,126395,7.0
12789.0,14174.0,Directed,128199,9.0
12789.0,17940.0,Directed,128216,7.0
12789.0,2558.0,Directed,128238,41.0
12833.0,9085.0,Directed,128631,22.0
12833.0,17599.0,Directed,128657,8.0
12833.0,1647.0,Directed,128760,7.0
12833.0,25294.0,Directed,128762,10.0
12833.0,20722.0,Directed,128815,8.0
12839.0,2437.0,Directed,128922,12.0
12839.0,12839.0,Directed,128931,7.0
12997.0,6467.0,Directed,130030,8.0
12997.0,23206.0,Directed,130089,9.0
12997.0,12997.0,Directed,130110,21.0
12997.0,12207.0,Directed,130133,11.0
12997.0,6617.0,Directed,130155,8.0
13279.0,13279.0,Directed,131914,7.0
13279.0,16811.0,Directed,131935,7.0
13279.0,22819.0,Directed,131998,8.0
13279.0,19146.0,Directed,132046,25.0
13438.0,20114.0,Directed,133331,23.0
13438.0,23122.0,Directed,133340,8.0
13438.0,5910.0,Directed,133401,14.0
13438.0,14174.0,Directed,133418,8.0
13438.0,845.0,Directed,133420,9.0
13438.0,17940.0,Directed,133430,7.0
13438.0,2558.0,Directed,133438,8.0
13438.0,1860.0,Directed,133480,11.0
13513.0,10526.0,Directed,133877,23.0
13513.0,19203.0,Directed,133931,11.0
13513.0,25044.0,Directed,133938,11.0
13513.0,25944.0,Directed,133964,9.0
13513.0,10254.0,Directed,134073,8.0
13518.0,23122.0,Directed,134154,18.0
13529.0,10791.0,Directed,134303,8.0
13529.0,14174.0,Directed,134500,14.0
13529.0,16422.0,Directed,134504,7.0
13529.0,1251.0,Directed,134541,7.0
13529.0,21560.0,Directed,134572,8.0
13828.0,6467.0,Directed,136913,34.0
13828.0,4451.0,Directed,136925,21.0
13828.0,16811.0,Directed,136930,33.0
13828.0,9329.0,Directed,136953,25.0
13828.0,16422.0,Directed,136960,8.0
13828.0,10252.0,Directed,136985,12.0
13828.0,21265.0,Directed,136990,7.0
13828.0,8993.0,Directed,137002,8.0
13828.0,4586.0,Directed,137018,8.0
13828.0,24171.0,Directed,137042,15.0
13828.0,17476.0,Directed,137061,7.0
13828.0,6617.0,Directed,137063,7.0
13828.0,22601.0,Directed,137100,9.0
13828.0,22193.0,Directed,137129,7.0
13828.0,2230.0,Directed,137131,12.0
13828.0,5910.0,Directed,137134,22.0
13828.0,19019.0,Directed,137138,15.0
13828.0,11263.0,Directed,137141,15.0
13828.0,14174.0,Directed,137149,14.0
13828.0,18245.0,Directed,137170,11.0
13828.0,1860.0,Directed,137180,9.0
13828.0,13828.0,Directed,137199,10.0
13828.0,23122.0,Directed,137219,7.0
13828.0,19146.0,Directed,137226,17.0
13828.0,17940.0,Directed,137231,16.0
13875.0,7321.0,Directed,137603,12.0
13875.0,25586.0,Directed,137618,8.0
14089.0,4860.0,Directed,139117,8.0
14089.0,8993.0,Directed,139130,16.0
14089.0,10526.0,Directed,139216,10.0
14089.0,11781.0,Directed,139238,7.0
14089.0,23778.0,Directed,139251,10.0
14089.0,11585.0,Directed,139253,10.0
14089.0,14089.0,Directed,139283,15.0
14128.0,14128.0,Directed,139733,8.0
14128.0,1860.0,Directed,139969,10.0
14174.0,6467.0,Directed,140346,15.0
14174.0,4451.0,Directed,140355,21.0
14174.0,19583.0,Directed,140357,26.0
14174.0,16811.0,Directed,140358,14.0
14174.0,17599.0,Directed,140372,16.0
14174.0,18776.0,Directed,140373,11.0
14174.0,17606.0,Directed,140385,9.0
14174.0,16845.0,Directed,140421,8.0
14174.0,845.0,Directed,140435,12.0
14174.0,1647.0,Directed,140450,20.0
14174.0,25294.0,Directed,140451,16.0
14174.0,10252.0,Directed,140485,10.0
14174.0,21262.0,Directed,140492,9.0
14174.0,20114.0,Directed,140512,12.0
14174.0,4165.0,Directed,140515,10.0
14174.0,4952.0,Directed,140519,11.0
14174.0,2101.0,Directed,140540,7.0
14174.0,4185.0,Directed,140561,8.0
14174.0,1720.0,Directed,140576,12.0
14174.0,12789.0,Directed,140580,9.0
14174.0,25380.0,Directed,140595,13.0
14174.0,18929.0,Directed,140614,8.0
14174.0,2558.0,Directed,140617,16.0
14174.0,523.0,Directed,140627,9.0
14174.0,10357.0,Directed,140633,17.0
14174.0,17375.0,Directed,140646,10.0
14174.0,17564.0,Directed,140649,15.0
14174.0,15359.0,Directed,140666,10.0
14174.0,18182.0,Directed,140688,7.0
14174.0,11662.0,Directed,140724,22.0
14174.0,5910.0,Directed,140738,8.0
14174.0,23429.0,Directed,140750,10.0
14174.0,14174.0,Directed,140757,26.0
14174.0,1473.0,Directed,140805,7.0
14174.0,1086.0,Directed,140819,9.0
14174.0,1860.0,Directed,140823,13.0
14174.0,15973.0,Directed,140852,13.0
14174.0,13828.0,Directed,140888,10.0
14174.0,19146.0,Directed,140901,25.0
14174.0,13438.0,Directed,140907,9.0
14174.0,7598.0,Directed,140917,11.0
14174.0,8822.0,Directed,140921,11.0
14174.0,9187.0,Directed,140942,35.0
14174.0,17940.0,Directed,140958,18.0
14174.0,5212.0,Directed,140963,7.0
14174.0,4586.0,Directed,140981,14.0
14174.0,25208.0,Directed,140996,8.0
14174.0,14761.0,Directed,141014,13.0
14174.0,3217.0,Directed,141017,8.0
14305.0,16811.0,Directed,141887,7.0
14305.0,20114.0,Directed,142035,12.0
14305.0,25380.0,Directed,142084,7.0
14305.0,2558.0,Directed,142123,7.0
14305.0,14174.0,Directed,142239,9.0
14305.0,1860.0,Directed,142289,7.0
14305.0,14305.0,Directed,142336,9.0
14305.0,19146.0,Directed,142380,24.0
14305.0,17940.0,Directed,142387,9.0
14305.0,2770.0,Directed,142405,7.0
14305.0,18750.0,Directed,142418,11.0
14394.0,4860.0,Directed,142886,14.0
14394.0,22601.0,Directed,142898,7.0
14394.0,19203.0,Directed,142912,9.0
14429.0,20369.0,Directed,143243,8.0
14429.0,167.0,Directed,143251,12.0
14602.0,19583.0,Directed,144800,7.0
14602.0,7601.0,Directed,144844,9.0
14606.0,12281.0,Directed,144988,7.0
14606.0,2437.0,Directed,145029,20.0
14606.0,18825.0,Directed,145046,11.0
14606.0,97.0,Directed,145100,11.0
14606.0,12343.0,Directed,145118,10.0
14606.0,167.0,Directed,145244,14.0
14606.0,18526.0,Directed,145298,8.0
14606.0,14606.0,Directed,145364,18.0
14606.0,1853.0,Directed,145403,7.0
14606.0,15476.0,Directed,145468,15.0
14606.0,10526.0,Directed,145506,7.0
14606.0,7601.0,Directed,145509,8.0
14606.0,20369.0,Directed,145569,14.0
14666.0,9850.0,Directed,145993,7.0
14666.0,5910.0,Directed,146038,9.0
14666.0,14174.0,Directed,146054,7.0
14666.0,8235.0,Directed,146101,16.0
14666.0,1860.0,Directed,146123,9.0
14761.0,10895.0,Directed,146797,18.0
14761.0,4451.0,Directed,146815,53.0
14761.0,4952.0,Directed,146818,8.0
14761.0,12347.0,Directed,146833,7.0
14761.0,23206.0,Directed,146866,12.0
14761.0,12207.0,Directed,146918,15.0
14761.0,14174.0,Directed,146925,20.0
14761.0,19146.0,Directed,146929,22.0
14761.0,17940.0,Directed,146937,9.0
14761.0,6467.0,Directed,146952,23.0
14761.0,845.0,Directed,146966,11.0
14761.0,21265.0,Directed,146997,14.0
14761.0,3217.0,Directed,147003,10.0
14825.0,5228.0,Directed,147364,10.0
14825.0,16811.0,Directed,147391,8.0
14825.0,19146.0,Directed,147392,10.0
14825.0,10252.0,Directed,147396,7.0
14881.0,14881.0,Directed,147667,9.0
15020.0,6467.0,Directed,148665,19.0
15020.0,19146.0,Directed,148756,12.0
15020.0,15020.0,Directed,148777,8.0
15123.0,9085.0,Directed,149740,9.0
15123.0,2853.0,Directed,149843,7.0
15123.0,12108.0,Directed,149899,14.0
15123.0,22045.0,Directed,149920,9.0
15123.0,14305.0,Directed,149927,8.0
15338.0,19184.0,Directed,151620,8.0
15338.0,17599.0,Directed,151683,8.0
15338.0,25294.0,Directed,151825,11.0
15338.0,10973.0,Directed,151857,14.0
15338.0,22045.0,Directed,151867,12.0
15359.0,6467.0,Directed,152157,29.0
15359.0,15359.0,Directed,152177,23.0
15359.0,23206.0,Directed,152235,32.0
15359.0,18245.0,Directed,152237,10.0
15359.0,11385.0,Directed,152263,9.0
15359.0,5910.0,Directed,152274,18.0
15359.0,19019.0,Directed,152281,8.0
15359.0,8940.0,Directed,152291,7.0
15359.0,14174.0,Directed,152294,11.0
15359.0,588.0,Directed,152369,23.0
15359.0,21262.0,Directed,152372,11.0
15359.0,21265.0,Directed,152376,17.0
15367.0,9329.0,Directed,152396,9.0
15367.0,19583.0,Directed,152419,15.0
15367.0,856.0,Directed,152436,9.0
15367.0,1860.0,Directed,152437,7.0
15476.0,24014.0,Directed,153158,14.0
15476.0,18245.0,Directed,153200,11.0
15476.0,8993.0,Directed,153270,28.0
15476.0,23778.0,Directed,153314,14.0
15476.0,2558.0,Directed,153319,18.0
15476.0,9538.0,Directed,153368,9.0
15476.0,2230.0,Directed,153371,34.0
15476.0,8317.0,Directed,153380,7.0
15476.0,11263.0,Directed,153381,9.0
15476.0,6720.0,Directed,153401,8.0
15476.0,1853.0,Directed,153407,10.0
15476.0,15476.0,Directed,153434,47.0
15476.0,10526.0,Directed,153454,13.0
15476.0,6433.0,Directed,153469,7.0
15560.0,10791.0,Directed,154123,7.0
15745.0,7180.0,Directed,155348,7.0
15893.0,6467.0,Directed,156688,21.0
15893.0,4451.0,Directed,156713,8.0
15893.0,18825.0,Directed,156851,10.0
15893.0,1860.0,Directed,156897,15.0
15973.0,6467.0,Directed,157325,35.0
15973.0,4451.0,Directed,157338,20.0
15973.0,16811.0,Directed,157344,33.0
15973.0,9329.0,Directed,157406,20.0
15973.0,845.0,Directed,157428,26.0
15973.0,6720.0,Directed,157467,22.0
15973.0,10254.0,Directed,157472,12.0
15973.0,21262.0,Directed,157479,14.0
15973.0,21265.0,Directed,157481,11.0
15973.0,97.0,Directed,157498,8.0
15973.0,20114.0,Directed,157503,14.0
15973.0,8993.0,Directed,157510,48.0
15973.0,11116.0,Directed,157512,12.0
15973.0,24171.0,Directed,157574,10.0
15973.0,25380.0,Directed,157582,33.0
15973.0,23778.0,Directed,157593,16.0
15973.0,2558.0,Directed,157609,79.0
15973.0,19146.0,Directed,157639,42.0
15973.0,2174.0,Directed,157643,9.0
15973.0,592.0,Directed,157656,8.0
15973.0,11585.0,Directed,157665,40.0
15973.0,10393.0,Directed,157685,9.0
15973.0,16933.0,Directed,157702,8.0
15973.0,4701.0,Directed,157724,7.0
15973.0,2230.0,Directed,157737,27.0
15973.0,5910.0,Directed,157742,34.0
15973.0,11263.0,Directed,157752,12.0
15973.0,14174.0,Directed,157762,21.0
15973.0,22652.0,Directed,157784,13.0
15973.0,18245.0,Directed,157809,15.0
15973.0,1860.0,Directed,157833,19.0
15973.0,10526.0,Directed,157913,17.0
15973.0,23122.0,Directed,157920,20.0
15973.0,751.0,Directed,157928,12.0
15973.0,17940.0,Directed,157948,45.0
15973.0,6433.0,Directed,157950,10.0
15973.0,15123.0,Directed,157969,7.0
15973.0,4586.0,Directed,157976,12.0
15973.0,2770.0,Directed,157979,9.0
15973.0,15973.0,Directed,157985,45.0
15973.0,4008.0,Directed,158006,39.0
15987.0,22991.0,Directed,158148,10.0
15987.0,1720.0,Directed,158156,12.0
15987.0,23122.0,Directed,158166,8.0
15987.0,19146.0,Directed,158177,10.0
15987.0,12833.0,Directed,158210,9.0
16086.0,4586.0,Directed,158946,9.0
16086.0,24796.0,Directed,158964,12.0
16086.0,3217.0,Directed,159001,12.0
16350.0,14174.0,Directed,161343,7.0
16422.0,19184.0,Directed,161996,7.0
16422.0,390.0,Directed,161999,7.0
16422.0,19583.0,Directed,162013,9.0
16422.0,16817.0,Directed,162019,10.0
16422.0,2437.0,Directed,162055,7.0
16422.0,16422.0,Directed,162060,25.0
16422.0,2101.0,Directed,162124,7.0
16422.0,18526.0,Directed,162167,8.0
16422.0,23429.0,Directed,162247,7.0
16422.0,11781.0,Directed,162341,17.0
16626.0,8579.0,Directed,163285,17.0
16626.0,15476.0,Directed,163333,8.0
16626.0,11545.0,Directed,163338,7.0
16626.0,11585.0,Directed,163463,8.0
16626.0,18526.0,Directed,163469,7.0
16626.0,18825.0,Directed,163471,17.0
16626.0,11781.0,Directed,163481,7.0
16626.0,14606.0,Directed,163502,7.0
16626.0,167.0,Directed,163523,7.0
16703.0,7321.0,Directed,164164,17.0
16703.0,10357.0,Directed,164193,8.0
16811.0,4054.0,Directed,164726,10.0
16811.0,19583.0,Directed,164727,16.0
16811.0,16811.0,Directed,164728,9.0
16811.0,18825.0,Directed,164733,11.0
16811.0,17599.0,Directed,164734,8.0
16811.0,3653.0,Directed,164745,10.0
16811.0,7315.0,Directed,164758,7.0
16811.0,21682.0,Directed,164820,10.0
16811.0,523.0,Directed,164850,9.0
16811.0,18182.0,Directed,164927,7.0
16811.0,17564.0,Directed,164951,7.0
16811.0,12141.0,Directed,164997,10.0
16811.0,9187.0,Directed,165002,9.0
16811.0,13828.0,Directed,165026,17.0
16811.0,11403.0,Directed,165061,11.0
16811.0,15973.0,Directed,165073,18.0
16817.0,24014.0,Directed,165121,8.0
16817.0,11585.0,Directed,165134,7.0
16817.0,8993.0,Directed,165153,10.0
16817.0,16817.0,Directed,165167,28.0
16817.0,9538.0,Directed,165222,7.0
16817.0,11263.0,Directed,165267,12.0
16817.0,16422.0,Directed,165282,13.0
16817.0,23778.0,Directed,165290,16.0
16817.0,2558.0,Directed,165311,19.0
16817.0,6720.0,Directed,165333,8.0
16845.0,6467.0,Directed,165435,7.0
16845.0,16845.0,Directed,165506,19.0
16845.0,25294.0,Directed,165537,8.0
16845.0,20114.0,Directed,165584,7.0
16845.0,25380.0,Directed,165650,8.0
16845.0,2558.0,Directed,165672,9.0
16845.0,14174.0,Directed,165788,11.0
16845.0,6315.0,Directed,165791,7.0
16845.0,19146.0,Directed,165935,20.0
16845.0,17940.0,Directed,165941,13.0
16845.0,4008.0,Directed,165943,9.0
16881.0,1720.0,Directed,166276,10.0
16881.0,5910.0,Directed,166289,7.0
16881.0,20114.0,Directed,166308,9.0
16881.0,2558.0,Directed,166334,12.0
16881.0,12833.0,Directed,166374,9.0
16933.0,2437.0,Directed,166810,11.0
16933.0,15973.0,Directed,166824,9.0
16933.0,21900.0,Directed,166828,8.0
17102.0,6467.0,Directed,168367,24.0
17102.0,4451.0,Directed,168377,21.0
17102.0,4952.0,Directed,168380,7.0
17102.0,16811.0,Directed,168383,10.0
17102.0,17102.0,Directed,168406,7.0
17102.0,22193.0,Directed,168416,7.0
17102.0,14174.0,Directed,168439,28.0
17238.0,1860.0,Directed,169491,7.0
17238.0,845.0,Directed,169549,9.0
17238.0,2230.0,Directed,169560,12.0
17238.0,9329.0,Directed,169567,11.0
17238.0,21265.0,Directed,169665,11.0
17260.0,12108.0,Directed,169887,15.0
17375.0,23545.0,Directed,170555,9.0
17375.0,14174.0,Directed,170559,16.0
17375.0,19146.0,Directed,170564,21.0
17375.0,17375.0,Directed,170600,19.0
17476.0,4165.0,Directed,171355,7.0
17476.0,13828.0,Directed,171374,7.0
17564.0,4451.0,Directed,172073,11.0
17564.0,4952.0,Directed,172078,7.0
17564.0,8993.0,Directed,172079,7.0
17564.0,16811.0,Directed,172080,14.0
17564.0,4586.0,Directed,172096,12.0
17564.0,7598.0,Directed,172113,7.0
17564.0,8822.0,Directed,172116,8.0
17564.0,14174.0,Directed,172133,30.0
17564.0,19146.0,Directed,172135,10.0
17564.0,17564.0,Directed,172153,33.0
17564.0,19874.0,Directed,172179,10.0
17564.0,1860.0,Directed,172188,10.0
17564.0,3217.0,Directed,172189,10.0
17599.0,6467.0,Directed,172486,7.0
17599.0,20114.0,Directed,172509,16.0
17599.0,4451.0,Directed,172515,8.0
17599.0,16811.0,Directed,172523,11.0
17599.0,17599.0,Directed,172545,12.0
17599.0,1720.0,Directed,172603,14.0
17599.0,14174.0,Directed,172654,22.0
17599.0,845.0,Directed,172655,8.0
17599.0,19146.0,Directed,172659,18.0
17599.0,22045.0,Directed,172719,8.0
17606.0,293.0,Directed,172788,7.0
17606.0,14174.0,Directed,172856,9.0
17606.0,19146.0,Directed,172860,10.0
17606.0,1860.0,Directed,172916,8.0
17788.0,23778.0,Directed,174233,20.0
17788.0,10526.0,Directed,174339,7.0
17788.0,19553.0,Directed,174404,11.0
17940.0,19184.0,Directed,175588,8.0
17940.0,19583.0,Directed,175618,11.0
17940.0,17599.0,Directed,175636,10.0
17940.0,20811.0,Directed,175647,8.0
17940.0,3258.0,Directed,175665,8.0
17940.0,7315.0,Directed,175691,7.0
17940.0,2437.0,Directed,175704,8.0
17940.0,845.0,Directed,175713,12.0
17940.0,14761.0,Directed,175724,16.0
17940.0,1647.0,Directed,175731,16.0
17940.0,22045.0,Directed,175755,8.0
17940.0,11116.0,Directed,175812,10.0
17940.0,523.0,Directed,175864,17.0
17940.0,10357.0,Directed,175946,7.0
17940.0,15359.0,Directed,175997,7.0
17940.0,23429.0,Directed,176081,11.0
17940.0,14174.0,Directed,176087,16.0
17940.0,6720.0,Directed,176119,8.0
17940.0,1086.0,Directed,176145,23.0
17940.0,9187.0,Directed,176172,15.0
17940.0,4769.0,Directed,176187,8.0
17940.0,13828.0,Directed,176218,8.0
17940.0,13438.0,Directed,176237,8.0
17940.0,7615.0,Directed,176275,13.0
17940.0,19146.0,Directed,176289,23.0
17940.0,7130.0,Directed,176316,9.0
17940.0,7647.0,Directed,176325,8.0
17940.0,15973.0,Directed,176333,40.0
17940.0,25208.0,Directed,176339,8.0
17940.0,5721.0,Directed,176344,7.0
18031.0,8993.0,Directed,176774,8.0
18031.0,9538.0,Directed,176802,19.0
18031.0,10526.0,Directed,176805,11.0
18031.0,23778.0,Directed,176821,16.0
18182.0,16811.0,Directed,177882,9.0
18182.0,18182.0,Directed,177895,14.0
18245.0,20811.0,Directed,178457,9.0
18245.0,2437.0,Directed,178499,11.0
18245.0,18825.0,Directed,178511,11.0
18245.0,9360.0,Directed,178523,7.0
18245.0,97.0,Directed,178553,7.0
18245.0,4952.0,Directed,178566,9.0
18245.0,15359.0,Directed,178673,9.0
18245.0,1860.0,Directed,178755,8.0
18245.0,11394.0,Directed,178836,7.0
18245.0,5212.0,Directed,178843,12.0
18245.0,15973.0,Directed,178857,12.0
18466.0,19203.0,Directed,180398,54.0
18466.0,18466.0,Directed,180593,19.0
18466.0,21560.0,Directed,180602,14.0
18526.0,8993.0,Directed,181283,26.0
18526.0,11585.0,Directed,181337,9.0
18526.0,12281.0,Directed,181347,8.0
18526.0,9538.0,Directed,181385,9.0
18526.0,2230.0,Directed,181402,27.0
18526.0,16626.0,Directed,181406,7.0
18526.0,10526.0,Directed,181410,13.0
18526.0,10254.0,Directed,181416,10.0
18526.0,5910.0,Directed,181420,7.0
18526.0,751.0,Directed,181439,11.0
18526.0,16422.0,Directed,181455,9.0
18526.0,23778.0,Directed,181464,7.0
18526.0,2558.0,Directed,181487,29.0
18526.0,6617.0,Directed,181499,29.0
18526.0,2174.0,Directed,181548,11.0
18526.0,25317.0,Directed,181557,8.0
18666.0,19833.0,Directed,182753,11.0
18666.0,25208.0,Directed,182851,9.0
18750.0,20114.0,Directed,183482,8.0
18750.0,6013.0,Directed,183637,7.0
18750.0,25294.0,Directed,183670,8.0
18750.0,1086.0,Directed,183741,9.0
18776.0,6467.0,Directed,183912,10.0
18776.0,20114.0,Directed,183923,9.0
18776.0,4586.0,Directed,183951,15.0
18776.0,1720.0,Directed,183966,11.0
18776.0,23122.0,Directed,183978,12.0
18776.0,14174.0,Directed,183990,14.0
18776.0,19146.0,Directed,183994,72.0
18776.0,17940.0,Directed,183998,7.0
18776.0,7890.0,Directed,184009,13.0
18776.0,5228.0,Directed,184033,7.0
18776.0,4008.0,Directed,184050,27.0
18776.0,1860.0,Directed,184054,7.0
18806.0,6467.0,Directed,184224,8.0
18806.0,4451.0,Directed,184248,23.0
18806.0,2230.0,Directed,184306,21.0
18806.0,845.0,Directed,184327,8.0
18825.0,24014.0,Directed,184569,13.0
18825.0,6467.0,Directed,184570,16.0
18825.0,4451.0,Directed,184581,23.0
18825.0,16811.0,Directed,184586,12.0
18825.0,12281.0,Directed,184606,10.0
18825.0,9329.0,Directed,184634,7.0
18825.0,8940.0,Directed,184647,9.0
18825.0,18825.0,Directed,184660,146.0
18825.0,21265.0,Directed,184700,9.0
18825.0,14429.0,Directed,184705,7.0
18825.0,8993.0,Directed,184726,51.0
18825.0,21717.0,Directed,184768,18.0
18825.0,23778.0,Directed,184789,11.0
18825.0,2558.0,Directed,184798,15.0
18825.0,21756.0,Directed,184810,14.0
18825.0,11585.0,Directed,184840,41.0
18825.0,9538.0,Directed,184886,15.0
18825.0,2230.0,Directed,184895,7.0
18825.0,16626.0,Directed,184896,24.0
18825.0,8317.0,Directed,184909,7.0
18825.0,11263.0,Directed,184910,24.0
18825.0,14606.0,Directed,184913,8.0
18825.0,14174.0,Directed,184918,17.0
18825.0,18245.0,Directed,184953,10.0
18825.0,1860.0,Directed,184960,20.0
18825.0,9220.0,Directed,185020,7.0
18825.0,10526.0,Directed,185035,24.0
18825.0,19553.0,Directed,185076,10.0
18939.0,4586.0,Directed,186235,13.0
18939.0,22819.0,Directed,186381,18.0
18956.0,4451.0,Directed,186731,11.0
18956.0,4586.0,Directed,186844,7.0
18956.0,23003.0,Directed,186922,7.0
18956.0,751.0,Directed,187056,14.0
18956.0,19146.0,Directed,187063,16.0
18956.0,3217.0,Directed,187107,13.0
19019.0,19583.0,Directed,187585,8.0
19019.0,21696.0,Directed,187607,8.0
19019.0,11545.0,Directed,187611,9.0
19019.0,13828.0,Directed,187628,13.0
19019.0,8940.0,Directed,187699,8.0
19019.0,18825.0,Directed,187721,15.0
19019.0,1853.0,Directed,187769,8.0
19067.0,17788.0,Directed,188086,7.0
19067.0,8557.0,Directed,188109,9.0
19067.0,19067.0,Directed,188307,13.0
19146.0,19184.0,Directed,188953,16.0
19146.0,19583.0,Directed,188985,22.0
19146.0,17599.0,Directed,189012,38.0
19146.0,18776.0,Directed,189014,40.0
19146.0,20811.0,Directed,189021,20.0
19146.0,1647.0,Directed,189024,30.0
19146.0,3252.0,Directed,189037,16.0
19146.0,3258.0,Directed,189043,25.0
19146.0,11671.0,Directed,189057,8.0
19146.0,18806.0,Directed,189079,7.0
19146.0,2853.0,Directed,189086,8.0
19146.0,16845.0,Directed,189087,8.0
19146.0,845.0,Directed,189104,15.0
19146.0,5721.0,Directed,189109,8.0
19146.0,14761.0,Directed,189116,21.0
19146.0,22045.0,Directed,189155,31.0
19146.0,15020.0,Directed,189160,14.0
19146.0,14305.0,Directed,189172,8.0
19146.0,97.0,Directed,189200,7.0
19146.0,20114.0,Directed,189212,9.0
19146.0,2101.0,Directed,189250,19.0
19146.0,3750.0,Directed,189276,8.0
19146.0,14825.0,Directed,189296,9.0
19146.0,25380.0,Directed,189317,8.0
19146.0,3781.0,Directed,189340,12.0
19146.0,13279.0,Directed,189342,13.0
19146.0,2985.0,Directed,189352,7.0
19146.0,523.0,Directed,189370,22.0
19146.0,10357.0,Directed,189377,23.0
19146.0,17375.0,Directed,189399,17.0
19146.0,15987.0,Directed,189406,7.0
19146.0,9085.0,Directed,189430,15.0
19146.0,12451.0,Directed,189463,8.0
19146.0,23030.0,Directed,189500,22.0
19146.0,5910.0,Directed,189504,7.0
19146.0,23429.0,Directed,189518,15.0
19146.0,14174.0,Directed,189524,21.0
19146.0,1086.0,Directed,189601,16.0
19146.0,1860.0,Directed,189604,7.0
19146.0,13828.0,Directed,189664,11.0
19146.0,13438.0,Directed,189686,7.0
19146.0,7601.0,Directed,189710,8.0
19146.0,9187.0,Directed,189738,19.0
19146.0,19146.0,Directed,189750,10.0
19146.0,17940.0,Directed,189760,17.0
19146.0,5212.0,Directed,189770,18.0
19146.0,15973.0,Directed,189799,20.0
19146.0,25208.0,Directed,189809,30.0
19146.0,4769.0,Directed,189820,7.0
19146.0,4008.0,Directed,189823,9.0
19146.0,7647.0,Directed,189828,7.0
19146.0,3217.0,Directed,189835,8.0
19184.0,4451.0,Directed,190286,9.0
19184.0,4586.0,Directed,190329,10.0
19184.0,23206.0,Directed,190340,12.0
19184.0,2230.0,Directed,190362,18.0
19184.0,24171.0,Directed,190373,8.0
19184.0,5910.0,Directed,190374,7.0
19184.0,16422.0,Directed,190394,8.0
19184.0,19146.0,Directed,190396,16.0
19184.0,15338.0,Directed,190432,12.0
19184.0,4008.0,Directed,190462,15.0
19184.0,1860.0,Directed,190467,8.0
19203.0,13513.0,Directed,190569,8.0
19203.0,19648.0,Directed,190743,13.0
19203.0,14394.0,Directed,190751,9.0
19203.0,20821.0,Directed,190756,17.0
19203.0,23145.0,Directed,190762,7.0
19203.0,18466.0,Directed,190791,38.0
19295.0,12141.0,Directed,191515,8.0
19295.0,4531.0,Directed,191518,12.0
19553.0,19553.0,Directed,193714,7.0
19583.0,6467.0,Directed,194023,87.0
19583.0,4451.0,Directed,194042,42.0
19583.0,19583.0,Directed,194046,11.0
19583.0,16811.0,Directed,194047,27.0
19583.0,17599.0,Directed,194068,10.0
19583.0,3252.0,Directed,194088,8.0
19583.0,23206.0,Directed,194099,9.0
19583.0,22819.0,Directed,194118,7.0
19583.0,9329.0,Directed,194129,42.0
19583.0,16422.0,Directed,194156,18.0
19583.0,5721.0,Directed,194159,9.0
19583.0,18825.0,Directed,194166,16.0
19583.0,856.0,Directed,194175,22.0
19583.0,8557.0,Directed,194192,12.0
19583.0,21262.0,Directed,194209,20.0
19583.0,21265.0,Directed,194211,23.0
19583.0,20114.0,Directed,194234,11.0
19583.0,4952.0,Directed,194242,20.0
19583.0,8993.0,Directed,194244,20.0
19583.0,9850.0,Directed,194262,15.0
19583.0,2115.0,Directed,194283,13.0
19583.0,24171.0,Directed,194309,18.0
19583.0,25380.0,Directed,194317,19.0
19583.0,2558.0,Directed,194347,17.0
19583.0,21756.0,Directed,194365,14.0
19583.0,8235.0,Directed,194376,16.0
19583.0,12839.0,Directed,194400,9.0
19583.0,11585.0,Directed,194413,8.0
19583.0,11633.0,Directed,194431,7.0
19583.0,15367.0,Directed,194440,10.0
19583.0,25044.0,Directed,194450,12.0
19583.0,11246.0,Directed,194479,17.0
19583.0,2230.0,Directed,194493,25.0
19583.0,5910.0,Directed,194501,27.0
19583.0,11263.0,Directed,194515,20.0
19583.0,12207.0,Directed,194520,13.0
19583.0,14174.0,Directed,194525,85.0
19583.0,11939.0,Directed,194526,14.0
19583.0,18245.0,Directed,194575,17.0
19583.0,19874.0,Directed,194582,20.0
19583.0,1860.0,Directed,194594,50.0
19583.0,19067.0,Directed,194595,10.0
19583.0,10895.0,Directed,194604,8.0
19583.0,19019.0,Directed,194674,16.0
19583.0,8822.0,Directed,194700,9.0
19583.0,19146.0,Directed,194731,48.0
19583.0,17940.0,Directed,194739,30.0
19583.0,588.0,Directed,194753,22.0
19583.0,4586.0,Directed,194770,26.0
19583.0,2770.0,Directed,194773,14.0
19583.0,3217.0,Directed,194815,26.0
19604.0,8775.0,Directed,194942,8.0
19604.0,19604.0,Directed,194976,8.0
19648.0,24014.0,Directed,195301,7.0
19648.0,5547.0,Directed,195308,32.0
19648.0,19203.0,Directed,195352,11.0
19648.0,25044.0,Directed,195392,7.0
19648.0,21560.0,Directed,195479,7.0
19758.0,14128.0,Directed,196189,7.0
19758.0,5212.0,Directed,196262,7.0
19758.0,21937.0,Directed,196265,7.0
19758.0,17564.0,Directed,196266,8.0
19833.0,293.0,Directed,196980,15.0
19833.0,20114.0,Directed,196981,21.0
19833.0,18666.0,Directed,196991,19.0
19833.0,4586.0,Directed,197002,10.0
19833.0,15338.0,Directed,197069,11.0
19874.0,19583.0,Directed,197294,8.0
19874.0,1647.0,Directed,197462,10.0
19874.0,10357.0,Directed,197510,12.0
19874.0,1086.0,Directed,197540,7.0
19886.0,18776.0,Directed,197656,8.0
19886.0,523.0,Directed,197694,10.0
19886.0,20722.0,Directed,197722,7.0
19893.0,10503.0,Directed,197914,9.0
19893.0,1720.0,Directed,197930,12.0
19893.0,7598.0,Directed,197933,7.0
19893.0,14174.0,Directed,197946,7.0
20114.0,17599.0,Directed,199884,22.0
20114.0,3252.0,Directed,199908,7.0
20114.0,2853.0,Directed,199958,23.0
20114.0,1647.0,Directed,199998,9.0
20114.0,25294.0,Directed,200001,19.0
20114.0,22045.0,Directed,200027,16.0
20114.0,10357.0,Directed,200254,28.0
20114.0,12108.0,Directed,200256,14.0
20114.0,9085.0,Directed,200312,25.0
20114.0,12451.0,Directed,200340,7.0
20114.0,22614.0,Directed,200344,19.0
20114.0,3855.0,Directed,200361,26.0
20114.0,2985.0,Directed,200387,8.0
20114.0,23030.0,Directed,200388,18.0
20114.0,1086.0,Directed,200487,12.0
20114.0,4769.0,Directed,200532,11.0
20114.0,13438.0,Directed,200593,22.0
20114.0,21509.0,Directed,200598,17.0
20114.0,6013.0,Directed,200640,18.0
20114.0,19146.0,Directed,200650,12.0
20114.0,14305.0,Directed,200706,12.0
20160.0,20114.0,Directed,201086,7.0
20160.0,2558.0,Directed,201178,10.0
20369.0,9538.0,Directed,202413,10.0
20369.0,10526.0,Directed,202431,9.0
20369.0,14429.0,Directed,202452,11.0
20489.0,23206.0,Directed,203029,11.0
20489.0,2558.0,Directed,203159,10.0
20489.0,14174.0,Directed,203219,19.0
20489.0,11939.0,Directed,203220,7.0
20489.0,19146.0,Directed,203318,12.0
20489.0,3217.0,Directed,203352,7.0
20498.0,7321.0,Directed,203535,7.0
20498.0,3046.0,Directed,203705,11.0
20498.0,2608.0,Directed,203709,9.0
20498.0,23487.0,Directed,203781,10.0
20498.0,15476.0,Directed,203795,8.0
20498.0,10565.0,Directed,203858,8.0
20722.0,19886.0,Directed,206077,7.0
20722.0,20114.0,Directed,206081,8.0
20722.0,6467.0,Directed,206095,10.0
20722.0,1720.0,Directed,206155,13.0
20722.0,9473.0,Directed,206165,7.0
20722.0,14174.0,Directed,206186,11.0
20722.0,2558.0,Directed,206212,9.0
20722.0,7890.0,Directed,206213,10.0
20722.0,15123.0,Directed,206221,11.0
20722.0,21560.0,Directed,206240,9.0
20722.0,19874.0,Directed,206257,10.0
20722.0,7838.0,Directed,206261,11.0
20722.0,12833.0,Directed,206265,16.0
20722.0,21265.0,Directed,206271,8.0
20811.0,4451.0,Directed,207123,13.0
20811.0,20811.0,Directed,207158,30.0
20811.0,845.0,Directed,207243,13.0
20811.0,1251.0,Directed,207286,11.0
20811.0,22045.0,Directed,207308,9.0
20811.0,21265.0,Directed,207344,9.0
20811.0,8993.0,Directed,207387,23.0
20811.0,4586.0,Directed,207424,9.0
20811.0,24171.0,Directed,207487,9.0
20811.0,25380.0,Directed,207498,7.0
20811.0,2558.0,Directed,207533,9.0
20811.0,6617.0,Directed,207537,11.0
20811.0,15338.0,Directed,207548,7.0
20811.0,19146.0,Directed,207572,24.0
20811.0,19067.0,Directed,207576,7.0
20811.0,25044.0,Directed,207655,8.0
20811.0,11246.0,Directed,207698,9.0
20811.0,14602.0,Directed,207737,7.0
20811.0,14174.0,Directed,207759,10.0
20811.0,20114.0,Directed,207760,9.0
20811.0,6720.0,Directed,207807,17.0
20811.0,18245.0,Directed,207823,14.0
20811.0,1860.0,Directed,207846,10.0
20811.0,25944.0,Directed,207933,11.0
20811.0,17940.0,Directed,208027,10.0
20811.0,21550.0,Directed,208055,11.0
20811.0,15123.0,Directed,208059,7.0
20811.0,4008.0,Directed,208104,9.0
20821.0,19203.0,Directed,208166,18.0
20821.0,20821.0,Directed,208206,36.0
20821.0,10526.0,Directed,208229,17.0
20821.0,16422.0,Directed,208326,8.0
20991.0,7370.0,Directed,209618,7.0
20991.0,9187.0,Directed,209621,10.0
21144.0,20114.0,Directed,210487,12.0
21144.0,16811.0,Directed,210501,7.0
21144.0,6467.0,Directed,210503,9.0
21144.0,4586.0,Directed,210542,10.0
21144.0,9329.0,Directed,210610,9.0
21144.0,16422.0,Directed,210638,7.0
21144.0,19146.0,Directed,210640,14.0
21144.0,17940.0,Directed,210651,9.0
21144.0,4008.0,Directed,210653,12.0
21144.0,18245.0,Directed,210714,8.0
21144.0,1860.0,Directed,210746,10.0
21262.0,11263.0,Directed,211715,8.0
21262.0,2437.0,Directed,211734,12.0
21262.0,15973.0,Directed,211813,9.0
21262.0,21262.0,Directed,211847,13.0
21262.0,4330.0,Directed,211855,9.0
21265.0,14761.0,Directed,211926,16.0
21265.0,4054.0,Directed,211929,10.0
21265.0,19583.0,Directed,211930,14.0
21265.0,18825.0,Directed,211942,8.0
21265.0,20811.0,Directed,211946,11.0
21265.0,2101.0,Directed,212079,8.0
21265.0,523.0,Directed,212105,11.0
21265.0,15359.0,Directed,212203,8.0
21265.0,23429.0,Directed,212263,8.0
21265.0,17238.0,Directed,212376,9.0
21265.0,23545.0,Directed,212388,8.0
21265.0,15973.0,Directed,212432,11.0
21509.0,6467.0,Directed,213863,8.0
21509.0,20114.0,Directed,213875,31.0
21509.0,1720.0,Directed,213924,12.0
21509.0,23122.0,Directed,213939,18.0
21550.0,14128.0,Directed,214274,7.0
21550.0,20811.0,Directed,214334,9.0
21560.0,9085.0,Directed,214585,11.0
21560.0,17599.0,Directed,214621,7.0
21560.0,18466.0,Directed,214772,9.0
21560.0,15560.0,Directed,214818,7.0
21682.0,25044.0,Directed,216030,12.0
21682.0,16811.0,Directed,216092,11.0
21682.0,21682.0,Directed,216118,9.0
21682.0,2558.0,Directed,216127,22.0
21682.0,15973.0,Directed,216162,7.0
21682.0,21262.0,Directed,216201,7.0
21696.0,14429.0,Directed,216255,10.0
21696.0,12281.0,Directed,216315,8.0
21696.0,2230.0,Directed,216346,12.0
21696.0,10526.0,Directed,216352,35.0
21696.0,19019.0,Directed,216365,7.0
21696.0,14606.0,Directed,216378,14.0
21696.0,6617.0,Directed,216391,9.0
21696.0,11585.0,Directed,216393,14.0
21696.0,21265.0,Directed,216459,8.0
21717.0,5172.0,Directed,216724,7.0
21717.0,21717.0,Directed,216771,7.0
21717.0,11781.0,Directed,216812,9.0
21717.0,18825.0,Directed,216839,16.0
21717.0,4330.0,Directed,216916,17.0
21756.0,18825.0,Directed,217086,13.0
21756.0,1647.0,Directed,217088,7.0
21756.0,21756.0,Directed,217208,16.0
21900.0,16933.0,Directed,218809,7.0
21900.0,16626.0,Directed,218859,11.0
21900.0,10526.0,Directed,218864,14.0
21900.0,11781.0,Directed,218885,7.0
21900.0,21756.0,Directed,218931,7.0
21900.0,2230.0,Directed,218942,8.0
21900.0,10254.0,Directed,218953,7.0
21937.0,19203.0,Directed,219189,9.0
21937.0,24796.0,Directed,219254,16.0
22045.0,20114.0,Directed,220266,16.0
22045.0,23003.0,Directed,220294,25.0
22045.0,4586.0,Directed,220309,9.0
22045.0,1720.0,Directed,220344,13.0
22045.0,23122.0,Directed,220367,23.0
22045.0,25380.0,Directed,220376,7.0
22045.0,845.0,Directed,220383,14.0
22045.0,17940.0,Directed,220392,8.0
22045.0,2558.0,Directed,220407,27.0
22045.0,15123.0,Directed,220418,10.0
22045.0,15338.0,Directed,220424,11.0
22045.0,22045.0,Directed,220434,24.0
22045.0,19146.0,Directed,220443,43.0
22045.0,4008.0,Directed,220453,15.0
22193.0,14761.0,Directed,221627,9.0
22193.0,18825.0,Directed,221708,8.0
22601.0,4769.0,Directed,224338,8.0
22601.0,22601.0,Directed,224339,11.0
22601.0,13828.0,Directed,224382,9.0
22601.0,9187.0,Directed,224436,9.0
22601.0,14394.0,Directed,224467,8.0
22614.0,20114.0,Directed,224614,11.0
22614.0,22614.0,Directed,224654,8.0
22652.0,2437.0,Directed,224961,7.0
22652.0,8993.0,Directed,225005,9.0
22652.0,12343.0,Directed,225009,7.0
22652.0,8317.0,Directed,225124,10.0
22652.0,22652.0,Directed,225136,11.0
22652.0,15476.0,Directed,225179,8.0
22652.0,10526.0,Directed,225198,16.0
22652.0,15973.0,Directed,225241,11.0
22819.0,23429.0,Directed,226508,7.0
22819.0,4531.0,Directed,226528,9.0
22819.0,18939.0,Directed,226534,7.0
22991.0,16845.0,Directed,227505,8.0
22991.0,25380.0,Directed,227512,12.0
22991.0,3781.0,Directed,227540,7.0
22991.0,1086.0,Directed,227543,7.0
23003.0,4769.0,Directed,227824,11.0
23003.0,17599.0,Directed,227846,9.0
23003.0,9187.0,Directed,227931,14.0
23003.0,4165.0,Directed,227991,9.0
23003.0,12108.0,Directed,227997,25.0
23003.0,22045.0,Directed,228024,23.0
23003.0,10357.0,Directed,228030,14.0
23003.0,14305.0,Directed,228033,7.0
23003.0,10973.0,Directed,228051,19.0
23003.0,18956.0,Directed,228054,9.0
23030.0,20114.0,Directed,228160,24.0
23030.0,23122.0,Directed,228171,18.0
23030.0,14174.0,Directed,228223,10.0
23030.0,19146.0,Directed,228225,33.0
23122.0,13518.0,Directed,229054,12.0
23122.0,17599.0,Directed,229067,10.0
23122.0,18776.0,Directed,229069,16.0
23122.0,845.0,Directed,229118,17.0
23122.0,25294.0,Directed,229131,20.0
23122.0,22045.0,Directed,229148,33.0
23122.0,115.0,Directed,229212,8.0
23122.0,2101.0,Directed,229216,23.0
23122.0,3750.0,Directed,229233,7.0
23122.0,4185.0,Directed,229235,8.0
23122.0,8087.0,Directed,229240,12.0
23122.0,15987.0,Directed,229335,7.0
23122.0,9085.0,Directed,229351,15.0
23122.0,22614.0,Directed,229373,8.0
23122.0,18929.0,Directed,229386,17.0
23122.0,23030.0,Directed,229406,11.0
23122.0,1860.0,Directed,229469,7.0
23122.0,4769.0,Directed,229493,8.0
23122.0,13828.0,Directed,229521,7.0
23122.0,13438.0,Directed,229535,9.0
23122.0,21509.0,Directed,229538,17.0
23122.0,5212.0,Directed,229591,10.0
23122.0,15973.0,Directed,229609,20.0
23122.0,25208.0,Directed,229614,9.0
23145.0,6617.0,Directed,229995,10.0
23145.0,5547.0,Directed,230111,8.0
23145.0,19146.0,Directed,230170,11.0
23206.0,19184.0,Directed,230775,8.0
23206.0,14761.0,Directed,230809,9.0
23206.0,19583.0,Directed,230816,11.0
23206.0,12347.0,Directed,230829,13.0
23206.0,23206.0,Directed,230867,17.0
23206.0,11671.0,Directed,230880,11.0
23206.0,2437.0,Directed,230920,11.0
23206.0,15359.0,Directed,230940,12.0
23206.0,18825.0,Directed,230950,8.0
23206.0,5212.0,Directed,230961,8.0
23429.0,4586.0,Directed,232427,10.0
23429.0,22819.0,Directed,232452,11.0
23429.0,11263.0,Directed,232465,11.0
23429.0,14174.0,Directed,232484,10.0
23429.0,19146.0,Directed,232492,15.0
23429.0,2558.0,Directed,232512,8.0
23429.0,2770.0,Directed,232522,7.0
23429.0,1860.0,Directed,232554,12.0
23429.0,3217.0,Directed,232556,7.0
23487.0,20114.0,Directed,233019,7.0
23487.0,20498.0,Directed,233026,11.0
23545.0,22819.0,Directed,233661,7.0
23545.0,23545.0,Directed,233678,8.0
23545.0,14174.0,Directed,233701,12.0
23545.0,7598.0,Directed,233715,7.0
23545.0,17375.0,Directed,233730,10.0
23545.0,21265.0,Directed,233736,9.0
23576.0,23576.0,Directed,233935,7.0
23576.0,8993.0,Directed,233956,11.0
23714.0,9850.0,Directed,235534,12.0
23714.0,2445.0,Directed,235573,7.0
23778.0,16817.0,Directed,235972,13.0
23778.0,18031.0,Directed,236014,13.0
23778.0,12565.0,Directed,236039,9.0
23778.0,8579.0,Directed,236068,12.0
23778.0,12343.0,Directed,236075,12.0
23778.0,115.0,Directed,236083,7.0
23778.0,953.0,Directed,236125,8.0
23778.0,23778.0,Directed,236130,34.0
23778.0,14089.0,Directed,236143,10.0
23778.0,5054.0,Directed,236174,10.0
23778.0,17788.0,Directed,236187,11.0
23778.0,8317.0,Directed,236204,14.0
23778.0,22652.0,Directed,236224,9.0
23778.0,15476.0,Directed,236263,19.0
23778.0,5545.0,Directed,236273,11.0
23778.0,736.0,Directed,236282,20.0
23778.0,10526.0,Directed,236291,7.0
23778.0,11781.0,Directed,236298,20.0
23778.0,25586.0,Directed,236305,10.0
23778.0,19553.0,Directed,236322,7.0
23778.0,25021.0,Directed,236326,10.0
23778.0,15973.0,Directed,236327,9.0
24014.0,24014.0,Directed,237694,7.0
24014.0,10526.0,Directed,237696,13.0
24014.0,8993.0,Directed,237742,9.0
24014.0,16817.0,Directed,237763,7.0
24014.0,11781.0,Directed,237891,14.0
24148.0,20686.0,Directed,239164,7.0
24148.0,293.0,Directed,239173,9.0
24148.0,9538.0,Directed,239215,9.0
24148.0,11263.0,Directed,239239,7.0
24171.0,17599.0,Directed,239445,8.0
24171.0,3653.0,Directed,239458,8.0
24171.0,25294.0,Directed,239494,9.0
24171.0,8557.0,Directed,239504,8.0
24171.0,97.0,Directed,239515,12.0
24171.0,9085.0,Directed,239620,9.0
24171.0,1086.0,Directed,239699,10.0
24171.0,8775.0,Directed,239714,12.0
24171.0,15973.0,Directed,239793,8.0
24796.0,7615.0,Directed,243843,7.0
24796.0,955.0,Directed,243859,7.0
24796.0,3781.0,Directed,243861,9.0
24796.0,5212.0,Directed,243870,9.0
24796.0,21937.0,Directed,243871,18.0
24796.0,16086.0,Directed,243872,13.0
25021.0,25021.0,Directed,245181,13.0
25044.0,390.0,Directed,245534,10.0
25044.0,25044.0,Directed,245560,7.0
25044.0,20811.0,Directed,245572,8.0
25044.0,19648.0,Directed,245681,9.0
25044.0,13513.0,Directed,245714,8.0
25208.0,6467.0,Directed,246835,17.0
25208.0,20114.0,Directed,246859,7.0
25208.0,17940.0,Directed,246866,15.0
25208.0,23122.0,Directed,246887,8.0
25208.0,20991.0,Directed,246897,7.0
25208.0,18776.0,Directed,246899,8.0
25208.0,4586.0,Directed,246917,7.0
25208.0,18245.0,Directed,246939,7.0
25208.0,5910.0,Directed,246978,7.0
25208.0,25380.0,Directed,246988,9.0
25208.0,14174.0,Directed,247004,9.0
25208.0,845.0,Directed,247007,13.0
25208.0,19146.0,Directed,247011,59.0
25208.0,15123.0,Directed,247044,11.0
25208.0,25208.0,Directed,247070,7.0
25208.0,19874.0,Directed,247079,11.0
25208.0,4008.0,Directed,247090,28.0
25208.0,1860.0,Directed,247101,11.0
25294.0,6467.0,Directed,247819,44.0
25294.0,20114.0,Directed,247841,23.0
25294.0,4952.0,Directed,247851,10.0
25294.0,4586.0,Directed,247908,21.0
25294.0,1720.0,Directed,247956,26.0
25294.0,5910.0,Directed,247969,9.0
25294.0,24171.0,Directed,247984,20.0
25294.0,23122.0,Directed,247986,26.0
25294.0,16845.0,Directed,247989,9.0
25294.0,25380.0,Directed,248000,20.0
25294.0,14174.0,Directed,248016,23.0
25294.0,845.0,Directed,248019,12.0
25294.0,6315.0,Directed,248022,10.0
25294.0,19146.0,Directed,248023,8.0
25294.0,25294.0,Directed,248051,20.0
25294.0,2558.0,Directed,248060,10.0
25294.0,15338.0,Directed,248083,17.0
25294.0,18750.0,Directed,248123,12.0
25294.0,12833.0,Directed,248126,16.0
25294.0,1860.0,Directed,248138,8.0
25317.0,21937.0,Directed,248386,7.0
25317.0,18526.0,Directed,248414,11.0
25380.0,19184.0,Directed,249026,7.0
25380.0,19583.0,Directed,249041,18.0
25380.0,17599.0,Directed,249055,9.0
25380.0,3258.0,Directed,249073,7.0
25380.0,2437.0,Directed,249099,13.0
25380.0,845.0,Directed,249102,8.0
25380.0,1647.0,Directed,249112,10.0
25380.0,25294.0,Directed,249114,13.0
25380.0,22045.0,Directed,249155,9.0
25380.0,4185.0,Directed,249173,7.0
25380.0,25380.0,Directed,249196,13.0
25380.0,11662.0,Directed,249217,8.0
25380.0,17940.0,Directed,249379,8.0
25380.0,5212.0,Directed,249381,10.0
25380.0,14174.0,Directed,249390,15.0
25380.0,15973.0,Directed,249399,28.0
25380.0,25208.0,Directed,249402,10.0
25586.0,23778.0,Directed,250894,11.0
25586.0,2558.0,Directed,251050,8.0
25586.0,19553.0,Directed,251065,8.0
25586.0,10254.0,Directed,251086,7.0
25838.0,4451.0,Directed,253079,8.0
25838.0,15893.0,Directed,253088,7.0
25944.0,20160.0,Directed,253698,8.0
25944.0,8579.0,Directed,253712,12.0
25944.0,736.0,Directed,253932,7.0
